id,listing_url,name,host_id,host_url,host_name,host_since,host_is_superhost,host_listings_count,host_total_listings_count,latitude,longitude,room_type,accommodates,bedrooms,beds,price,minimum_nights,maximum_nights,has_availability,number_of_reviews,number_of_reviews_ltm,number_of_reviews_l30d,first_review,last_review,review_scores_rating,calculated_host_listings_count,reviews_per_month
2595,https://www.airbnb.com/rooms/2595,Rental unit in New York · ★4.68 · Studio · 1 bed · 1 bath,2845,https://www.airbnb.com/users/show/2845,Jennifer,9/9/2008,f,7,9,40.75356,-73.98559,Entire home/apt,1,,1,$240.00 ,30,1125,t,49,1,0,11/21/2009,6/21/2022,4.68,3,0.3
5121,https://www.airbnb.com/rooms/5121,Rental unit in Brooklyn · ★4.52 · 1 bedroom · 1 bed,7356,https://www.airbnb.com/users/show/7356,Garon,2/3/2009,,2,2,40.68535,-73.95512,Private room,2,,1,$60.00 ,30,730,t,50,0,0,5/28/2009,12/2/2019,4.52,2,0.29
14991,https://www.airbnb.com/rooms/14991,Rental unit in New York · ★4.93 · 1 bedroom · 1 bed · 1 bath,59023,https://www.airbnb.com/users/show/59023,Bianca,12/1/2009,,1,3,40.72207,-73.98976,Private room,1,,1,$120.00 ,5,15,t,22,3,1,3/21/2010,5/14/2023,4.93,1,0.14
5136,https://www.airbnb.com/rooms/5136,Rental unit in Brooklyn · ★5.0 · 2 bedrooms · 2 beds · 1.5 baths,7378,https://www.airbnb.com/users/show/7378,Rebecca,2/3/2009,f,1,5,40.66265,-73.99454,Entire home/apt,4,2,2,$276.00 ,21,1125,t,3,1,0,1/2/2014,8/10/2022,5,1,0.03
15341,https://www.airbnb.com/rooms/15341,Condo in New York · ★4.56 · 1 bedroom · 2 beds · 1 bath,60049,https://www.airbnb.com/users/show/60049,Ted,12/4/2009,f,1,3,40.721359,-73.993668,Entire home/apt,3,1,2,$315.00 ,30,1125,t,35,4,1,10/1/2013,5/23/2023,4.56,1,0.3
59709,https://www.airbnb.com/rooms/59709,Rental unit in New York · ★4.77 · 2 bedrooms · 2 beds · 1 bath,186084,https://www.airbnb.com/users/show/186084,Ricardo & Ashlie,7/30/2010,t,1,3,40.7178,-73.9932,Entire home/apt,5,2,2,$325.00 ,7,31,t,69,23,0,5/18/2011,4/28/2023,4.77,1,0.47
60164,https://www.airbnb.com/rooms/60164,Loft in New York · ★4.39 · 3 bedrooms · 3 beds · 1 bath,289653,https://www.airbnb.com/users/show/289653,Harrison,11/17/2010,f,1,4,40.72012,-74.00397,Entire home/apt,6,3,3,$500.00 ,30,365,t,110,2,0,9/15/2011,11/18/2022,4.39,1,0.77
60181,https://www.airbnb.com/rooms/60181,Rental unit in New York · ★4.80 · 1 bedroom · 1 bed · 1 bath,128806,https://www.airbnb.com/users/show/128806,Sue,5/20/2010,f,1,2,40.7253,-73.98028,Entire home/apt,2,1,1,$160.00 ,31,70,t,38,1,0,2/27/2011,8/1/2022,4.8,1,0.25
5178,https://www.airbnb.com/rooms/5178,Rental unit in New York · ★4.26 · 1 bedroom · 1 bed · 1 bath,8967,https://www.airbnb.com/users/show/8967,Shunichi,3/3/2009,,1,1,40.76457,-73.98317,Private room,2,,1,$68.00 ,2,14,t,589,51,2,5/6/2009,5/14/2023,4.26,1,3.44
15385,https://www.airbnb.com/rooms/15385,Rental unit in Brooklyn · ★4.86 · 1 bedroom · 1 bed · 1 shared bath,60252,https://www.airbnb.com/users/show/60252,Cristina,12/5/2009,,1,1,40.71211,-73.96397,Private room,1,,1,$91.00 ,7,30,t,53,4,0,5/16/2010,4/8/2023,4.86,1,0.33
5203,https://www.airbnb.com/rooms/5203,Rental unit in New York · ★4.91 · 1 bedroom · 1 bed · 1 shared bath,7490,https://www.airbnb.com/users/show/7490,MaryEllen,2/5/2009,,1,5,40.8038,-73.96751,Private room,1,,1,$75.00 ,2,14,t,118,0,0,9/7/2009,7/21/2017,4.91,1,0.71
60457,https://www.airbnb.com/rooms/60457,Rental unit in New York · ★4.88 · 1 bedroom · 1 bed · 1 bath,99212,https://www.airbnb.com/users/show/99212,Jessica,3/26/2010,f,1,3,40.73072,-73.99275,Entire home/apt,3,1,1,$250.00 ,30,365,t,10,0,0,12/7/2010,8/21/2019,4.88,1,0.07
15396,https://www.airbnb.com/rooms/15396,Rental unit in New York · ★5.0 · 2 bedrooms · 2 beds · 2 baths,60278,https://www.airbnb.com/users/show/60278,Petra,12/5/2009,f,2,2,40.74493,-73.99521,Entire home/apt,4,2,2,$400.00 ,90,365,t,5,0,0,3/23/2016,11/3/2018,5,1,0.06
60611,https://www.airbnb.com/rooms/60611,Rental unit in New York · ★4.84 · 1 bedroom · 1 bed · 1 bath,292204,https://www.airbnb.com/users/show/292204,Blanca,11/19/2010,t,4,5,40.79266739,-73.9465332,Entire home/apt,2,1,1,$135.00 ,30,60,t,194,3,1,4/22/2011,6/3/2023,4.84,4,1.31
5803,https://www.airbnb.com/rooms/5803,Townhouse in Brooklyn · ★4.71 · 1 bedroom · 1 bed · 1.5 baths,9744,https://www.airbnb.com/users/show/9744,Laurie,3/10/2009,,3,3,40.66801,-73.98784,Private room,2,,1,$134.00 ,3,30,t,233,21,2,4/23/2009,5/15/2023,4.71,3,1.36
16338,https://www.airbnb.com/rooms/16338,Rental unit in Brooklyn · ★4.64 · 1 bedroom · 1 bed · 1 shared bath,63613,https://www.airbnb.com/users/show/63613,Patricia,12/16/2009,,2,3,40.69121,-73.96804,Private room,1,,1,$55.00 ,30,200,t,32,3,1,1/2/2010,5/31/2023,4.64,2,0.2
6848,https://www.airbnb.com/rooms/6848,Rental unit in Brooklyn · ★4.57 · 2 bedrooms · 1 bed · 1 bath,15991,https://www.airbnb.com/users/show/15991,Allen & Irina,5/6/2009,t,1,1,40.70935,-73.95342,Entire home/apt,3,2,1,$81.00 ,30,730,t,189,5,0,5/25/2009,2/4/2023,4.57,1,1.11
6872,https://www.airbnb.com/rooms/6872,Condo in New York · 1 bedroom · 1 bed · 1 shared bath,16104,https://www.airbnb.com/users/show/16104,Kae,5/7/2009,,2,2,40.80107,-73.94255,Private room,1,,1,$65.00 ,30,180,t,1,1,0,6/5/2022,6/5/2022,5,2,0.08
60666,https://www.airbnb.com/rooms/60666,Rental unit in New York · ★4.73 · 1 bedroom · 2 beds · 1.5 baths,256161,https://www.airbnb.com/users/show/256161,Wayne,10/7/2010,,4,12,40.81006,-73.94559,Private room,2,,2,$111.00 ,3,30,t,268,40,5,1/3/2011,5/30/2023,4.73,4,1.77
60673,https://www.airbnb.com/rooms/60673,Rental unit in New York · ★5.0 · 1 bedroom · 1 bed · 1 bath,249372,https://www.airbnb.com/users/show/249372,Cynthia,9/30/2010,,1,1,40.81562,-73.94674,Private room,2,,1,$125.00 ,30,365,f,3,0,0,10/7/2018,10/20/2019,5,1,0.05
16580,https://www.airbnb.com/rooms/16580,Condo in New York · ★4.79 · 1 bedroom · 1 bed · 1 shared bath,64442,https://www.airbnb.com/users/show/64442,Reka,12/19/2009,,2,2,40.72489,-73.9781,Private room,1,,1,$143.00 ,1,1125,t,502,44,3,8/22/2013,5/21/2023,4.79,2,4.21
60680,https://www.airbnb.com/rooms/60680,Rental unit in New York · ★4.53 · 1 bedroom · 2 beds · 1 bath,292630,https://www.airbnb.com/users/show/292630,Mich,11/20/2010,,4,9,40.72598,-73.97978,Entire home/apt,6,1,2,$99.00 ,30,1125,t,165,1,0,12/14/2010,8/3/2022,4.53,4,1.09
60794,https://www.airbnb.com/rooms/60794,Rental unit in New York · ★5.0 · 3 bedrooms · 3 beds · 1 bath,293394,https://www.airbnb.com/users/show/293394,Rachel,11/20/2010,f,1,1,40.79918,-73.96248,Entire home/apt,6,3,3,$211.00 ,30,1125,t,4,0,0,9/12/2011,8/25/2017,5,1,0.03
61509,https://www.airbnb.com/rooms/61509,Rental unit in New York · ★4.23 · 1 bedroom · 1 bed · 1 bath,23619,https://www.airbnb.com/users/show/23619,Anna/Fonzy,6/28/2009,f,1,12,40.75743,-73.96825,Entire home/apt,3,1,1,$110.00 ,200,730,t,92,0,0,1/29/2011,4/30/2019,4.23,1,0.61
6990,https://www.airbnb.com/rooms/6990,Rental unit in New York · ★4.88 · 1 bedroom · 1 bed · 1 shared bath,16800,https://www.airbnb.com/users/show/16800,Cyn,5/12/2009,,1,4,40.78778,-73.94759,Private room,1,,1,$72.00 ,30,700,t,245,7,1,10/28/2009,5/17/2023,4.88,1,1.48
16821,https://www.airbnb.com/rooms/16821,Rental unit in New York · ★4.72 · 1 bedroom · 1 bed · 1 shared bath,4396,https://www.airbnb.com/users/show/4396,Casey,11/19/2008,,3,4,40.72281,-73.98501,Private room,1,,1,$162.00 ,1,31,t,179,28,0,8/14/2012,5/4/2023,4.72,2,1.36
7064,https://www.airbnb.com/rooms/7064,Loft in Brooklyn · ★4.91 · 1 bedroom · 1 bed · 1 shared bath,17297,https://www.airbnb.com/users/show/17297,Joelle,5/15/2009,f,2,2,40.71248,-73.95881,Private room,2,1,1,$95.00 ,7,45,t,13,4,0,8/17/2010,9/12/2022,4.91,2,0.08
62891,https://www.airbnb.com/rooms/62891,Home in New York · ★4.30 · Studio · 2 beds · 1 bath,306545,https://www.airbnb.com/users/show/306545,Olivia,12/1/2010,f,2,5,40.72297,-73.98265,Entire home/apt,3,,2,$175.00 ,4,365,t,231,25,1,12/20/2010,5/21/2023,4.3,1,1.52
16974,https://www.airbnb.com/rooms/16974,Loft in New York · ★4.85 · 4 bedrooms · 6 beds · 2 baths,65837,https://www.airbnb.com/users/show/65837,Robin,12/26/2009,t,1,1,40.8019,-73.93762,Entire home/apt,8,4,6,$300.00 ,30,365,t,281,33,2,1/2/2010,5/18/2023,4.85,1,1.72
62925,https://www.airbnb.com/rooms/62925,Home in Brooklyn · ★4.81 · 2 bedrooms · 2 beds · 2 baths,306739,https://www.airbnb.com/users/show/306739,Maya,12/1/2010,t,2,4,40.72967,-73.95352,Entire home/apt,4,2,2,$325.00 ,3,90,t,164,17,1,3/5/2011,5/21/2023,4.81,2,1.1
7097,https://www.airbnb.com/rooms/7097,Home in Brooklyn · ★4.88 · 1 bedroom · 2 beds · 1 private bath,17571,https://www.airbnb.com/users/show/17571,Jane,5/17/2009,,2,2,40.69172373,-73.97388146,Private room,2,,2,$205.00 ,2,1125,t,334,39,3,1/16/2010,5/22/2023,4.88,2,2.05
7801,https://www.airbnb.com/rooms/7801,Loft in Brooklyn · ★4.88 · Studio · 1 bed · 1 bath,21207,https://www.airbnb.com/users/show/21207,Chaya,6/12/2009,t,4,4,40.71778,-73.9568,Entire home/apt,2,,1,$395.00 ,30,90,t,10,1,1,8/9/2009,5/20/2023,4.88,1,0.06
17037,https://www.airbnb.com/rooms/17037,Rental unit in New York · ★4.80 · 1 bedroom · 1 bed · 1 bath,66035,https://www.airbnb.com/users/show/66035,Anna,12/27/2009,f,1,2,40.72289,-73.98028,Entire home/apt,2,1,1,$220.00 ,30,90,t,53,0,0,3/31/2010,3/18/2020,4.8,1,0.33
8490,https://www.airbnb.com/rooms/8490,Loft in Brooklyn · ★4.76 · 1 bedroom · 4 beds · 1 bath,25183,https://www.airbnb.com/users/show/25183,Nathalie,7/10/2009,f,2,3,40.68462,-73.93839,Entire home/apt,5,1,4,$162.00 ,2,1125,t,178,29,1,8/25/2009,5/20/2023,4.76,2,1.06
63588,https://www.airbnb.com/rooms/63588,Home in Bronx · 2 bedrooms · 2 beds · 1 shared bath,295128,https://www.airbnb.com/users/show/295128,Carol Gloria,11/22/2010,,6,7,40.81161,-73.85499,Private room,3,,2,$89.00 ,30,1125,t,0,0,0,,,,6,
17693,https://www.airbnb.com/rooms/17693,Rental unit in New York · ★4.90 · 2 bedrooms · 1 bed · 1 shared bath,68428,https://www.airbnb.com/users/show/68428,Tye And Etienne,1/7/2010,,2,2,40.83253,-73.94108,Private room,2,,1,$85.00 ,2,28,t,67,5,1,1/2/2017,5/19/2023,4.9,2,0.86
63610,https://www.airbnb.com/rooms/63610,Rental unit in Bronx · ★4.93 · 1 bedroom · 1 bed · 1 bath,310670,https://www.airbnb.com/users/show/310670,Vie,12/5/2010,t,7,19,40.881,-73.83511,Entire home/apt,2,1,1,$100.00 ,2,1125,t,56,5,0,4/22/2013,1/1/2023,4.93,6,0.45
9357,https://www.airbnb.com/rooms/9357,Rental unit in New York · ★4.52 · Studio · 1 bed · 1 bath,30193,https://www.airbnb.com/users/show/30193,Tommi,8/6/2009,f,1,1,40.76724,-73.98664,Entire home/apt,2,,1,$175.00 ,30,1125,t,58,0,0,10/4/2009,8/13/2017,4.52,1,0.35
9704,https://www.airbnb.com/rooms/9704,Rental unit in New York · ★4.89 · 1 bedroom · 1 bed · 1 shared bath,32045,https://www.airbnb.com/users/show/32045,Teri,8/16/2009,,1,3,40.81317,-73.95465,Private room,2,,1,$55.00 ,30,730,t,98,0,0,6/10/2014,3/14/2020,4.89,1,0.9
18018,https://www.airbnb.com/rooms/18018,Condo in New York · 1 bedroom · 2 beds · 1 bath,69439,https://www.airbnb.com/users/show/69439,Jade,1/10/2010,t,16,23,40.7209818,-73.9931495,Entire home/apt,3,1,2,$215.00 ,30,1125,t,0,0,0,,,,1,
10452,https://www.airbnb.com/rooms/10452,Rental unit in Brooklyn · ★4.64 · 1 bedroom · 2 beds · 1 shared bath,35935,https://www.airbnb.com/users/show/35935,Angela,9/3/2009,,5,6,40.68294,-73.95682,Private room,3,,2,$90.00 ,30,730,t,82,2,0,4/18/2010,9/22/2022,4.64,5,0.51
63657,https://www.airbnb.com/rooms/63657,Townhouse in Brooklyn · ★4.59 · 1 bedroom · 1 bed · 1 bath,170510,https://www.airbnb.com/users/show/170510,Renée,7/18/2010,f,2,4,40.68253,-73.94295,Entire home/apt,2,1,1,$135.00 ,30,1124,t,268,0,0,1/3/2011,12/8/2019,4.59,2,1.77
18152,https://www.airbnb.com/rooms/18152,Rental unit in New York · ★4.41 · 2 bedrooms · 1 bed · 1 shared bath,69942,https://www.airbnb.com/users/show/69942,Victoria,1/12/2010,,1,3,40.76967,-73.94831,Private room,2,,1,$500.00 ,30,30,t,148,0,0,9/23/2011,9/1/2019,4.41,1,1.04
18728,https://www.airbnb.com/rooms/18728,Loft in New York · ★4.95 · 1 bedroom · 1 bed · 1.5 baths,71876,https://www.airbnb.com/users/show/71876,DAVID And RICK,1/20/2010,t,1,2,40.74261,-74.00353,Private room,3,1,1,$195.00 ,4,30,t,240,27,2,3/14/2011,5/13/2023,4.95,1,1.61
64000,https://www.airbnb.com/rooms/64000,Rental unit in Brooklyn · ★4.92 · 1 bedroom · 3 beds · 1 shared bath,312722,https://www.airbnb.com/users/show/312722,Kris,12/7/2010,,4,7,40.70724777,-73.95460233,Private room,1,,3,$50.00 ,60,1125,t,14,0,0,1/3/2011,1/7/2019,4.92,4,0.09
64015,https://www.airbnb.com/rooms/64015,Rental unit in New York · 1 bedroom · 1 bed · 1 bath,146944,https://www.airbnb.com/users/show/146944,David,6/17/2010,f,1,10,40.72863,-73.9842,Entire home/apt,2,1,1,$200.00 ,30,730,f,0,0,0,,,,1,
10962,https://www.airbnb.com/rooms/10962,Townhouse in Brooklyn · ★4.71 · 1 bedroom · 2 beds · 1 shared bath,9744,https://www.airbnb.com/users/show/9744,Laurie,3/10/2009,,3,3,40.66692,-73.98981,Private room,2,,2,$135.00 ,4,30,t,231,27,3,9/27/2009,5/18/2023,4.71,3,1.39
11943,https://www.airbnb.com/rooms/11943,Home in Brooklyn · 1 bedroom · 2 beds · 1 bath,45445,https://www.airbnb.com/users/show/45445,Harriet,10/12/2009,f,1,3,40.63702,-73.96327,Private room,1,1,2,$150.00 ,30,730,f,0,0,0,,,,1,
18961,https://www.airbnb.com/rooms/18961,Rental unit in New York · 1 bedroom · 1 bed · 1 bath,70857,https://www.airbnb.com/users/show/70857,Fabian,1/15/2010,f,1,2,40.73808,-73.98001,Private room,2,1,1,$95.00 ,30,180,f,1,0,0,3/22/2016,3/22/2016,5,1,0.01
12192,https://www.airbnb.com/rooms/12192,Rental unit in New York · ★4.39 · 1 bedroom · 1 bed · 1 shared bath,46978,https://www.airbnb.com/users/show/46978,Edward,10/19/2009,,2,3,40.72296,-73.98383,Private room,2,,1,$80.00 ,7,1125,t,299,24,1,10/27/2009,5/21/2023,4.39,2,1.8
19282,https://www.airbnb.com/rooms/19282,Rental unit in Brooklyn · ★4.69 · 1 bedroom · 2 beds · 2 baths,73469,https://www.airbnb.com/users/show/73469,Gaia,1/25/2010,,1,1,40.65437,-73.96278,Private room,4,,2,$110.00 ,30,60,t,17,0,0,10/11/2010,7/20/2019,4.69,1,0.11
12937,https://www.airbnb.com/rooms/12937,Townhouse in Queens · ★4.91 · 1 bedroom · 2 beds · 1 private bath,50124,https://www.airbnb.com/users/show/50124,Orestes,10/31/2009,,1,1,40.74757,-73.94571,Private room,4,,2,$165.00 ,3,30,t,368,43,5,6/13/2010,6/3/2023,4.91,1,2.33
64107,https://www.airbnb.com/rooms/64107,Townhouse in Brooklyn · ★4.79 · 1 bedroom · 1 bed · 1 shared bath,313317,https://www.airbnb.com/users/show/313317,Niya,12/8/2010,,1,1,40.67582,-73.94316,Private room,2,,1,$100.00 ,3,29,t,308,0,0,1/1/2011,1/3/2020,4.79,1,2.04
64314,https://www.airbnb.com/rooms/64314,Rental unit in Brooklyn · ★4.82 · 1 bedroom · 1 bed · 1 bath,314256,https://www.airbnb.com/users/show/314256,Debbie,12/9/2010,,1,2,40.67634,-73.95143,Private room,2,,1,$100.00 ,30,182,t,46,1,0,1/8/2011,11/12/2022,4.82,1,0.3
19812,https://www.airbnb.com/rooms/19812,Rental unit in Brooklyn · ★4.49 · 1 bedroom · 1 bed · 1 bath,74857,https://www.airbnb.com/users/show/74857,Starlee,1/29/2010,f,1,1,40.71802,-73.95724,Entire home/apt,2,1,1,$105.00 ,30,90,t,61,0,0,2/19/2010,8/9/2018,4.49,1,0.38
20913,https://www.airbnb.com/rooms/20913,Rental unit in Brooklyn · ★4.05 · 1 bedroom · 1 bed · 1 bath,79402,https://www.airbnb.com/users/show/79402,Christiana,2/9/2010,f,1,2,40.70967,-73.95922,Entire home/apt,2,1,1,$80.00 ,30,365,t,168,0,0,9/27/2010,7/22/2018,4.05,1,1.09
64365,https://www.airbnb.com/rooms/64365,Home in Brooklyn · ★4.79 · 1 bedroom · 1 bed · 1 bath,314582,https://www.airbnb.com/users/show/314582,Anthony,12/9/2010,,2,4,40.67579,-73.95072,Private room,2,,1,$65.00 ,30,365,t,253,5,0,4/23/2011,5/2/2023,4.79,2,1.71
12940,https://www.airbnb.com/rooms/12940,Rental unit in Brooklyn · ★4.52 · 1 bedroom · 1 bed · 1 bath,50148,https://www.airbnb.com/users/show/50148,Adreinne,10/31/2009,f,6,8,40.67946,-73.95417,Entire home/apt,2,1,1,$119.00 ,30,365,t,76,3,0,12/6/2009,5/1/2023,4.52,1,0.46
21644,https://www.airbnb.com/rooms/21644,Rental unit in New York · ★5.0 · 1 bedroom · 1 bed · 1 shared bath,82685,https://www.airbnb.com/users/show/82685,Elliott,2/18/2010,,1,2,40.82782,-73.9473,Private room,1,,1,$99.00 ,30,60,f,3,0,0,10/9/2018,10/21/2019,5,1,0.05
21794,https://www.airbnb.com/rooms/21794,Rental unit in New York · ★4.97 · 1 bedroom · 1 bed · 1 shared bath,83257,https://www.airbnb.com/users/show/83257,Olan,2/20/2010,f,2,3,40.74187,-74.00223,Private room,2,,1,$85.00 ,30,1125,t,36,0,0,5/16/2010,1/19/2020,4.97,2,0.23
13808,https://www.airbnb.com/rooms/13808,Townhouse in Brooklyn · ★4.66 · 1 bedroom · 1 bed · 1 private bath,54275,https://www.airbnb.com/users/show/54275,JT And Tiziana,11/14/2009,,4,4,40.68064,-73.94039,Private room,2,,1,$93.00 ,1,28,t,191,28,2,6/6/2010,5/28/2023,4.66,4,1.21
64837,https://www.airbnb.com/rooms/64837,Rental unit in New York · ★4.58 · 1 bedroom · 1 bed · 1 shared bath,46978,https://www.airbnb.com/users/show/46978,Edward,10/19/2009,,2,3,40.72497,-73.98356,Private room,2,,1,$80.00 ,7,1125,t,269,36,2,1/3/2011,5/21/2023,4.58,2,1.78
23135,https://www.airbnb.com/rooms/23135,Rental unit in Brooklyn · ★4.71 · 1 bedroom · 1 bed · 1 bath,11481,https://www.airbnb.com/users/show/11481,Annette,3/26/2009,t,5,11,40.67747,-74.00146,Entire home/apt,2,1,1,$219.00 ,3,45,t,306,26,2,5/20/2010,5/20/2023,4.71,3,1.93
65425,https://www.airbnb.com/rooms/65425,Rental unit in New York · ★4.94 · 2 bedrooms · 2 beds · 1 bath,314941,https://www.airbnb.com/users/show/314941,Tony,12/10/2010,t,3,37,40.72021,-73.99426,Entire home/apt,7,2,2,$228.00 ,1,730,t,16,9,0,12/21/2010,3/18/2023,4.94,3,0.11
14314,https://www.airbnb.com/rooms/14314,Rental unit in Brooklyn · ★4.82 · 1 bedroom · 2 beds · 1 bath,56246,https://www.airbnb.com/users/show/56246,Jeanne,11/21/2009,f,1,2,40.73535,-73.95584,Entire home/apt,2,1,2,$129.00 ,30,1125,t,179,0,0,12/13/2009,8/16/2020,4.82,1,1.09
14434,https://www.airbnb.com/rooms/14434,Rental unit in Brooklyn · ★4.56 · 1 bedroom · 1 bed · 1 shared bath,7356,https://www.airbnb.com/users/show/7356,Garon,2/3/2009,,2,2,40.68777,-73.94976,Private room,2,,1,$70.00 ,30,730,t,60,0,0,4/4/2010,6/1/2022,4.56,2,0.37
23686,https://www.airbnb.com/rooms/23686,Home in New York · ★4.41 · 3 bedrooms · 3 beds · 2 baths,93790,https://www.airbnb.com/users/show/93790,Ann,3/15/2010,f,2,3,40.72961,-74.00308,Entire home/apt,4,3,3,$650.00 ,5,29,t,59,5,0,8/6/2012,1/4/2023,4.41,2,0.45
118061,https://www.airbnb.com/rooms/118061,Rental unit in Brooklyn · ★4.81 · 2 bedrooms · 2 beds · 1 bath,2248897,https://www.airbnb.com/users/show/2248897,Roberta,4/29/2012,t,1,1,40.68462,-73.92895,Entire home/apt,2,2,2,$120.00 ,30,100,t,90,3,0,10/24/2011,11/29/2022,4.81,1,0.64
65615,https://www.airbnb.com/rooms/65615,Rental unit in Brooklyn · ★4.67 · 1 bedroom · 1 bed · 1 bath,320761,https://www.airbnb.com/users/show/320761,Valerie,12/16/2010,f,1,1,40.7106,-73.95178,Entire home/apt,2,1,1,$85.00 ,10,300,t,56,0,0,1/29/2011,9/5/2020,4.67,1,0.37
65660,https://www.airbnb.com/rooms/65660,Rental unit in Brooklyn · ★4.52 · 1 bedroom · 1 bed · 1 bath,320538,https://www.airbnb.com/users/show/320538,Larissa,12/16/2010,f,2,2,40.70797,-73.94792,Entire home/apt,3,1,1,$115.00 ,30,120,t,166,5,0,1/4/2011,4/7/2023,4.52,2,1.1
24285,https://www.airbnb.com/rooms/24285,Rental unit in Brooklyn · ★4.83 · 4 bedrooms · 6 beds · 3 baths,97797,https://www.airbnb.com/users/show/97797,Brandon,3/23/2010,f,1,1,40.67115,-73.98026,Entire home/apt,5,4,6,$220.00 ,30,180,t,93,1,0,5/29/2010,8/9/2022,4.83,1,0.59
65813,https://www.airbnb.com/rooms/65813,Rental unit in New York · ★4.90 · 1 bedroom · 1 bed · 1 shared bath,321756,https://www.airbnb.com/users/show/321756,Eric,12/18/2010,,1,1,40.82899,-73.94345,Private room,1,,1,$75.00 ,3,14,t,20,0,0,3/11/2013,1/2/2019,4.9,1,0.16
66008,https://www.airbnb.com/rooms/66008,Rental unit in Brooklyn · ★4.87 · 2 bedrooms · 2 beds · 1 bath,322884,https://www.airbnb.com/users/show/322884,Melissa,12/19/2010,f,1,2,40.68028,-73.99328,Entire home/apt,4,2,2,$190.00 ,30,90,t,68,0,0,3/6/2012,3/22/2020,4.87,1,0.5
121687,https://www.airbnb.com/rooms/121687,Rental unit in Brooklyn · ★4.45 · 1 bedroom · 1 bed · 1 bath,262812,https://www.airbnb.com/users/show/262812,Vikram,10/15/2010,f,1,2,40.71983,-73.95992,Entire home/apt,3,1,1,$200.00 ,30,90,t,57,0,0,10/24/2011,8/12/2021,4.45,1,0.4
25406,https://www.airbnb.com/rooms/25406,Rental unit in Brooklyn · ★4.62 · 1 bedroom · 2 beds · 1 bath,105538,https://www.airbnb.com/users/show/105538,Erik,4/8/2010,f,1,1,40.71649,-73.94865,Entire home/apt,4,1,2,$83.00 ,30,100,t,29,0,0,7/12/2013,5/26/2018,4.62,1,0.24
125163,https://www.airbnb.com/rooms/125163,Home in Brooklyn · ★4.88 · 1 bedroom · 1 bed · 1 private bath,622855,https://www.airbnb.com/users/show/622855,Desmond,5/24/2011,t,2,5,40.68595,-73.92923,Private room,2,,1,$99.00 ,3,28,t,76,17,2,9/28/2013,5/16/2023,4.88,2,0.64
66251,https://www.airbnb.com/rooms/66251,Loft in New York · ★4.93 · Studio · 1 bed · 1 bath,324460,https://www.airbnb.com/users/show/324460,Samir,12/21/2010,t,2,2,40.72547,-73.98619,Entire home/apt,2,,1,$370.00 ,3,60,t,160,21,1,4/26/2015,5/27/2023,4.93,1,1.62
26785,https://www.airbnb.com/rooms/26785,Rental unit in Brooklyn · ★4.93 · 1 bedroom · 1 bed · 1 bath,42273,https://www.airbnb.com/users/show/42273,Dani,9/29/2009,t,3,3,40.6686,-73.98723,Entire home/apt,2,1,1,$90.00 ,30,365,t,479,0,0,6/8/2010,5/31/2022,4.93,3,3.03
66275,https://www.airbnb.com/rooms/66275,Rental unit in New York · ★4.86 · 2 bedrooms · 3 beds · 1 bath,314941,https://www.airbnb.com/users/show/314941,Tony,12/10/2010,t,3,37,40.72036,-73.99435,Entire home/apt,7,2,3,$514.00 ,1,1125,t,212,25,1,6/24/2011,5/20/2023,4.86,3,1.46
126816,https://www.airbnb.com/rooms/126816,Rental unit in New York · ★3.67 · 1 bedroom · 1 bed · 2 baths,620288,https://www.airbnb.com/users/show/620288,Eric,5/24/2011,,1,1,40.79907,-73.96517,Private room,1,,1,$85.00 ,30,730,f,3,0,0,7/25/2011,11/6/2014,3.67,1,0.02
27644,https://www.airbnb.com/rooms/27644,Rental unit in New York · ★4.78 · 1 bedroom · 4 beds · 1 bath,119510,https://www.airbnb.com/users/show/119510,Emma,5/6/2010,t,1,1,40.82682,-73.94948,Entire home/apt,6,1,4,$190.00 ,2,20,t,252,33,3,8/23/2011,5/21/2023,4.78,1,1.76
127387,https://www.airbnb.com/rooms/127387,Rental unit in Brooklyn · ★5.0 · 2 bedrooms · 2 beds,23276,https://www.airbnb.com/users/show/23276,Katharine,6/25/2009,f,1,1,40.66895,-73.99136,Entire home/apt,4,2,2,$260.00 ,30,60,t,3,0,0,12/30/2011,8/4/2014,5,1,0.02
66741,https://www.airbnb.com/rooms/66741,Rental unit in Brooklyn · ★4.83 · 1 bedroom · 2 beds · 1 bath,327673,https://www.airbnb.com/users/show/327673,Stefano,12/26/2010,t,3,3,40.67548,-73.98315,Entire home/apt,4,1,2,$200.00 ,30,365,t,326,60,4,1/29/2011,6/2/2023,4.83,2,2.17
27883,https://www.airbnb.com/rooms/27883,Rental unit in New York · ★4.85 · Studio · 2 beds · 1 bath,120223,https://www.airbnb.com/users/show/120223,Jen,5/7/2010,f,1,1,40.72421,-73.98509,Entire home/apt,3,,2,$100.00 ,30,365,t,25,0,0,9/14/2010,12/10/2011,4.85,1,0.16
66974,https://www.airbnb.com/rooms/66974,Rental unit in Brooklyn · ★4.99 · 1 bedroom · 1 bed · 1 bath,329436,https://www.airbnb.com/users/show/329436,Jana,12/28/2010,t,2,2,40.68088,-73.99102,Entire home/apt,2,1,1,$240.00 ,2,270,t,225,42,0,5/23/2012,4/16/2023,4.99,2,1.67
67288,https://www.airbnb.com/rooms/67288,Rental unit in New York · ★4.87 · 1 bedroom · 1 bed · 1 bath,101597,https://www.airbnb.com/users/show/101597,Per,3/31/2010,t,1,1,40.79544,-73.94836,Entire home/apt,2,1,1,$250.00 ,28,365,t,47,6,0,9/1/2012,12/14/2022,4.87,1,0.36
132516,https://www.airbnb.com/rooms/132516,Rental unit in Queens · ★4.74 · 1 bedroom · 2 beds · 1 bath,85330,https://www.airbnb.com/users/show/85330,Jean,2/25/2010,,5,26,40.7106,-73.85246,Entire home/apt,3,1,2,$111.00 ,60,120,t,90,30,2,8/11/2017,5/12/2023,4.74,3,1.27
28907,https://www.airbnb.com/rooms/28907,Rental unit in New York · ★4.95 · 1 bedroom · 2 beds · 1 bath,124352,https://www.airbnb.com/users/show/124352,Lisa,5/13/2010,f,1,1,40.77827,-73.94669,Entire home/apt,4,1,2,$150.00 ,30,30,t,21,0,0,6/1/2010,8/15/2017,4.95,1,0.13
133025,https://www.airbnb.com/rooms/133025,Rental unit in New York · ★4.85 · 1 bedroom · 1 bed · 1 shared bath,653405,https://www.airbnb.com/users/show/653405,Tracy,6/1/2011,,1,1,40.74564,-73.97782,Private room,1,,1,$69.00 ,30,60,t,148,5,0,6/11/2011,2/21/2023,4.85,1,1.01
134934,https://www.airbnb.com/rooms/134934,Rental unit in Brooklyn · ★4.58 · 2 bedrooms · 1 bed · 1 bath,652842,https://www.airbnb.com/users/show/652842,Giovanni,6/1/2011,f,1,1,40.71771,-73.95849,Entire home/apt,2,2,1,$250.00 ,5,1125,t,27,0,0,9/23/2014,12/7/2019,4.58,1,0.25
67299,https://www.airbnb.com/rooms/67299,Townhouse in Brooklyn · ★4.89 · 1 bedroom · 2 beds · 1 bath,330347,https://www.airbnb.com/users/show/330347,Adrienne,12/29/2010,t,1,2,40.71516,-73.96448,Entire home/apt,4,1,2,$158.00 ,30,89,t,75,2,1,3/29/2011,5/6/2023,4.89,1,0.51
29013,https://www.airbnb.com/rooms/29013,Rental unit in Brooklyn · ★4.70 · 1 bedroom · 1 bed · 1 shared bath,35935,https://www.airbnb.com/users/show/35935,Angela,9/3/2009,,5,6,40.68288,-73.95646,Private room,2,,1,$90.00 ,30,730,t,71,1,0,8/3/2010,12/19/2022,4.7,5,0.45
135465,https://www.airbnb.com/rooms/135465,Rental unit in Brooklyn · ★4.80 · 1 bedroom · 1 bed · 1 bath,663879,https://www.airbnb.com/users/show/663879,Christopher,6/4/2011,f,1,3,40.68646,-73.97548,Entire home/apt,3,1,1,$170.00 ,3,365,t,126,8,0,10/9/2011,4/16/2023,4.8,1,0.89
136493,https://www.airbnb.com/rooms/136493,Townhouse in Brooklyn · ★4.86 · 3 bedrooms · 3 beds · 2.5 baths,663384,https://www.airbnb.com/users/show/663384,Irena,6/4/2011,f,1,1,40.67494,-73.97792,Entire home/apt,5,3,3,$325.00 ,4,60,t,36,5,0,8/15/2012,9/6/2022,4.86,1,0.27
29628,https://www.airbnb.com/rooms/29628,Condo in Brooklyn · ★4.94 · 1 bedroom · 1 bed · 1 shared bath,127608,https://www.airbnb.com/users/show/127608,Chris,5/18/2010,,1,1,40.68292,-73.96381,Private room,2,,1,$94.00 ,3,1125,t,365,51,5,6/6/2010,5/30/2023,4.94,1,2.31
139624,https://www.airbnb.com/rooms/139624,Rental unit in Brooklyn · ★4.39 · 1 bedroom · 1 bed · 1 bath,680818,https://www.airbnb.com/users/show/680818,Jessica,6/8/2011,f,1,1,40.67478,-73.95165,Entire home/apt,2,1,1,$64.00 ,30,365,t,84,4,1,9/11/2011,5/11/2023,4.39,1,0.59
68735,https://www.airbnb.com/rooms/68735,Rental unit in New York · ★4.97 · 1 bedroom · 1 bed · 1 bath,342054,https://www.airbnb.com/users/show/342054,Violetta,1/10/2011,f,1,1,40.78846,-73.97459,Entire home/apt,2,1,1,$215.00 ,14,200,t,38,4,0,9/27/2011,4/30/2023,4.97,1,0.27
68900,https://www.airbnb.com/rooms/68900,Rental unit in Brooklyn · ★4.86 · 1 bedroom · 1 bed · 1 private bath,343250,https://www.airbnb.com/users/show/343250,Jason,1/11/2011,,1,1,40.73094,-73.95484,Private room,2,,1,$100.00 ,30,30,t,7,0,0,9/16/2014,10/26/2019,4.86,1,0.07
29683,https://www.airbnb.com/rooms/29683,Rental unit in New York · ★4.76 · 1 bedroom · 1 bed · 1 bath,125857,https://www.airbnb.com/users/show/125857,Uli,5/16/2010,t,1,2,40.72314,-73.99108,Entire home/apt,3,1,1,$195.00 ,30,1125,t,119,1,0,5/26/2010,2/25/2023,4.76,1,0.75
69894,https://www.airbnb.com/rooms/69894,Rental unit in New York · ★4.82 · 1 bedroom · 1 bed · 1 bath,352168,https://www.airbnb.com/users/show/352168,Silvia,1/18/2011,f,2,4,40.77845,-73.98295,Entire home/apt,2,1,1,$160.00 ,30,120,t,63,4,0,5/1/2012,2/4/2023,4.82,1,0.47
140133,https://www.airbnb.com/rooms/140133,Rental unit in Brooklyn · ★4.93 · Studio · 3 beds · 1 bath,622866,https://www.airbnb.com/users/show/622866,Daniel,5/24/2011,t,2,2,40.71347,-73.96035,Entire home/apt,4,,3,$285.00 ,4,180,t,180,3,0,8/1/2011,4/13/2023,4.93,1,1.25
31130,https://www.airbnb.com/rooms/31130,Rental unit in New York · ★4.87 · 1 bedroom · 1 bed · 1 shared bath,117287,https://www.airbnb.com/users/show/117287,Lara Nicole,5/2/2010,t,4,6,40.7672,-73.98464,Private room,2,,1,$164.00 ,1,360,t,70,2,2,6/21/2010,5/29/2023,4.87,4,0.44
141154,https://www.airbnb.com/rooms/141154,Rental unit in Brooklyn · ★4.71 · Studio · 2 beds · 1 bath,686768,https://www.airbnb.com/users/show/686768,Mark,6/10/2011,f,1,2,40.6857,-73.98131,Entire home/apt,4,,2,$100.00 ,30,120,t,263,0,0,8/12/2011,3/11/2020,4.71,1,1.83
71010,https://www.airbnb.com/rooms/71010,Rental unit in New York · ★4.97 · 2 bedrooms · 3 beds · 1 bath,361855,https://www.airbnb.com/users/show/361855,Kurt,1/25/2011,t,2,3,40.83403,-73.93951,Entire home/apt,5,2,3,$332.00 ,4,1125,t,41,5,1,5/23/2013,5/20/2023,4.97,2,0.34
31555,https://www.airbnb.com/rooms/31555,Rental unit in New York · ★4.71 · Studio · 1 bed · 1 bath,135619,https://www.airbnb.com/users/show/135619,Tom,5/31/2010,f,1,1,40.73405,-74.00281,Entire home/apt,2,,1,$120.00 ,30,59,t,32,0,0,1/10/2011,3/27/2021,4.71,1,0.21
71248,https://www.airbnb.com/rooms/71248,Condo in New York · ★4.78 · 1 bedroom · 1 bed · 1 bath,363834,https://www.airbnb.com/users/show/363834,Jennifer,1/26/2011,f,1,2,40.7159,-73.99156,Entire home/apt,2,1,1,$162.00 ,15,90,t,63,6,0,3/10/2011,4/30/2023,4.78,1,0.42
141335,https://www.airbnb.com/rooms/141335,Home in Brooklyn · ★4.45 · 3 bedrooms · 4 beds · 2 baths,687361,https://www.airbnb.com/users/show/687361,Orna,6/10/2011,f,2,2,40.67487,-73.97637,Entire home/apt,5,3,4,$900.00 ,1,1125,t,41,3,1,6/24/2012,5/29/2023,4.45,2,0.31
142069,https://www.airbnb.com/rooms/142069,Rental unit in New York · ★4.60 · Studio · 1 bed · 1 bath,277747,https://www.airbnb.com/users/show/277747,Josh,11/3/2010,f,1,1,40.72506,-73.97906,Entire home/apt,2,,1,$100.00 ,30,730,t,22,0,0,9/21/2011,11/10/2014,4.6,1,0.15
31902,https://www.airbnb.com/rooms/31902,Home in Brooklyn · ★4.33 · 3 bedrooms · 1 bed · 1 shared bath,137292,https://www.airbnb.com/users/show/137292,Sunder,6/2/2010,,1,1,40.6327,-73.93184,Private room,2,,1,$80.00 ,30,90,f,4,0,0,6/15/2010,10/14/2019,4.33,1,0.03
144087,https://www.airbnb.com/rooms/144087,Rental unit in New York · ★4.90 · 2 bedrooms · 3 beds · 1 bath,616825,https://www.airbnb.com/users/show/616825,Rinaldo & Jessa,5/23/2011,,3,6,40.80687,-73.95333,Entire home/apt,5,2,3,$699.00 ,6,365,t,30,3,0,7/3/2011,10/30/2022,4.9,2,0.21
144148,https://www.airbnb.com/rooms/144148,Rental unit in New York · ★4.53 · 1 bedroom · 1 bed · 1 bath,299755,https://www.airbnb.com/users/show/299755,Jonathan,11/26/2010,,1,2,40.72297,-73.9851,Private room,2,,1,$68.00 ,30,730,t,32,0,0,9/7/2014,1/5/2016,4.53,1,0.3
71366,https://www.airbnb.com/rooms/71366,Condo in New York · ★4.84 · 1 bedroom · 1 bed · 1 bath,364955,https://www.airbnb.com/users/show/364955,Ruperto,1/27/2011,f,1,3,40.72997,-74.00196,Entire home/apt,2,1,1,$200.00 ,30,365,t,47,3,1,4/16/2012,5/20/2023,4.84,1,0.35
71384,https://www.airbnb.com/rooms/71384,Loft in Brooklyn · ★4.98 · 1 bedroom · 2 beds · 1 bath,365153,https://www.airbnb.com/users/show/365153,Ben,1/27/2011,f,1,1,40.72919,-73.95588,Entire home/apt,4,1,2,$229.00 ,1,60,t,50,0,0,3/27/2011,5/13/2014,4.98,1,0.34
71812,https://www.airbnb.com/rooms/71812,Rental unit in Bronx · ★4.53 · 1 bedroom · 1 bed · 1 bath,369015,https://www.airbnb.com/users/show/369015,Thai,1/30/2011,f,2,3,40.87069,-73.90113,Entire home/apt,2,1,1,$90.00 ,30,1125,t,15,2,0,7/31/2018,7/22/2022,4.53,2,0.25
31994,https://www.airbnb.com/rooms/31994,Rental unit in Brooklyn · ★4.52 · 1 bedroom · 1 bed · 1 private bath,137814,https://www.airbnb.com/users/show/137814,Waldemar,6/3/2010,,2,3,40.68818,-73.96383,Private room,2,,1,$105.00 ,2,365,t,539,35,2,7/9/2010,5/21/2023,4.52,2,3.43
146726,https://www.airbnb.com/rooms/146726,Home in New York · ★4.75 · 1 bedroom · 1 bed · 1.5 baths,709334,https://www.airbnb.com/users/show/709334,Julie,6/16/2011,f,1,4,40.80392,-73.94765,Entire home/apt,2,1,1,$175.00 ,30,120,t,18,0,0,7/12/2011,1/5/2018,4.75,1,0.12
148201,https://www.airbnb.com/rooms/148201,Rental unit in New York · ★4.88 · 1 bedroom · 1 bed · 1 bath,715807,https://www.airbnb.com/users/show/715807,John,6/18/2011,f,1,2,40.7304,-74.00228,Entire home/apt,2,1,1,$175.00 ,30,365,t,18,0,0,8/1/2011,5/31/2013,4.88,1,0.12
32037,https://www.airbnb.com/rooms/32037,Condo in Brooklyn · ★4.84 · 1 bedroom · 2 beds · 1.5 baths,116599,https://www.airbnb.com/users/show/116599,Sahr,5/1/2010,t,3,5,40.68513,-73.96648,Private room,3,1,2,$139.00 ,30,730,t,93,1,0,8/7/2010,11/2/2022,4.84,3,0.6
33009,https://www.airbnb.com/rooms/33009,Rental unit in Brooklyn · ★4.96 · 1 bedroom · 1 bed · 1 bath,143027,https://www.airbnb.com/users/show/143027,Ming,6/12/2010,t,1,1,40.71512,-73.95899,Entire home/apt,2,1,1,$235.00 ,30,90,t,292,11,0,7/5/2010,4/30/2023,4.96,1,1.86
148259,https://www.airbnb.com/rooms/148259,Home in Brooklyn · ★4.90 · 3 bedrooms · 3 beds · 1 bath,716064,https://www.airbnb.com/users/show/716064,Mihalis,6/18/2011,f,2,2,40.71345,-73.94289,Entire home/apt,6,3,3,$323.00 ,4,60,t,105,21,4,8/30/2012,5/21/2023,4.9,1,0.8
148825,https://www.airbnb.com/rooms/148825,Rental unit in New York · ★4.75 · 2 bedrooms · 2 beds · 1 bath,718349,https://www.airbnb.com/users/show/718349,B.,6/19/2011,t,5,6,40.79999,-73.96338,Entire home/apt,3,2,2,$193.00 ,3,180,t,292,27,3,4/23/2012,5/29/2023,4.75,2,2.16
72190,https://www.airbnb.com/rooms/72190,Rental unit in New York · ★4.51 · 1 bedroom · 2 beds · 1 bath,373085,https://www.airbnb.com/users/show/373085,Hudson,2/1/2011,f,1,2,40.77743,-73.97691,Entire home/apt,2,1,2,$110.00 ,30,90,t,37,0,0,6/14/2011,2/15/2019,4.51,1,0.25
72265,https://www.airbnb.com/rooms/72265,Rental unit in Brooklyn · ★4.53 · 1 bedroom · 1 bed · 1 private bath,340692,https://www.airbnb.com/users/show/340692,Vanessa,1/9/2011,,1,2,40.72744,-73.953,Private room,1,,1,$85.00 ,10,18,t,36,1,0,12/20/2012,9/5/2022,4.53,1,0.28
33156,https://www.airbnb.com/rooms/33156,Rental unit in New York · ★5.0 · 1 bedroom · 1 bed · 1 bath,128669,https://www.airbnb.com/users/show/128669,Alex,5/20/2010,f,3,12,40.78763,-73.96862,Entire home/apt,2,1,1,$139.00 ,120,180,t,20,0,0,5/29/2011,10/14/2020,5,1,0.14
74333,https://www.airbnb.com/rooms/74333,Rental unit in New York · ★4.03 · 1 bedroom · 2 beds · 1 bath,331328,https://www.airbnb.com/users/show/331328,Amir,12/31/2010,f,2,2,40.80834,-73.94075,Entire home/apt,3,1,2,$98.00 ,30,60,t,40,3,0,9/14/2011,11/23/2022,4.03,2,0.28
150804,https://www.airbnb.com/rooms/150804,Rental unit in New York · ★4.98 · 2 bedrooms · 3 beds · 2 baths,726333,https://www.airbnb.com/users/show/726333,Peter,6/21/2011,t,1,2,40.7203,-73.98424,Entire home/apt,5,2,3,$375.00 ,4,1125,t,47,12,0,8/18/2011,12/31/2022,4.98,1,0.33
36121,https://www.airbnb.com/rooms/36121,Rental unit in Brooklyn · ★4.88 · 1 bedroom · 1 bed · 1 shared bath,62165,https://www.airbnb.com/users/show/62165,Michael,12/11/2009,,1,3,40.67376,-73.96611,Private room,1,,1,$100.00 ,90,365,t,9,0,0,12/11/2010,5/10/2013,4.88,1,0.06
150989,https://www.airbnb.com/rooms/150989,Rental unit in Brooklyn · ★4.95 · 1 bedroom · 1 bed · 1 bath,727084,https://www.airbnb.com/users/show/727084,Daniela,6/21/2011,f,1,1,40.71584,-73.96355,Entire home/apt,2,1,1,$140.00 ,30,365,t,19,0,0,7/26/2011,2/6/2022,4.95,1,0.13
74438,https://www.airbnb.com/rooms/74438,Rental unit in New York · ★4.84 · 1 bedroom · 1 bed,391553,https://www.airbnb.com/users/show/391553,Jayme,2/14/2011,f,3,5,40.75523,-73.99792,Entire home/apt,5,1,1,$299.00 ,30,365,t,52,0,0,3/20/2011,11/18/2014,4.84,1,0.35
36647,https://www.airbnb.com/rooms/36647,Condo in New York · ★4.77 · 1 bedroom · 1 bed · 1 private bath,157798,https://www.airbnb.com/users/show/157798,Irene,7/4/2010,,1,4,40.79245377,-73.94074249,Private room,2,,1,$85.00 ,5,999,t,83,34,2,10/4/2010,5/20/2023,4.77,1,0.54
74680,https://www.airbnb.com/rooms/74680,Rental unit in Long Island City · ★4.67 · 1 bedroom · 2 beds · 1 bath,265109,https://www.airbnb.com/users/show/265109,Nazleen,10/18/2010,t,1,2,40.77507,-73.93367,Entire home/apt,4,1,2,$124.00 ,7,1125,t,261,27,2,6/13/2011,5/18/2023,4.67,1,1.79
74821,https://www.airbnb.com/rooms/74821,Rental unit in New York · ★4.67 · 2 bedrooms · 2 beds · 1 bath,394640,https://www.airbnb.com/users/show/394640,Keith,2/16/2011,f,1,3,40.80874,-73.94926,Entire home/apt,5,2,2,$149.00 ,30,90,t,47,0,0,4/26/2011,1/3/2019,4.67,1,0.32
152071,https://www.airbnb.com/rooms/152071,Rental unit in Brooklyn · 1 bedroom · 1 bed · 1 bath,731855,https://www.airbnb.com/users/show/731855,Wendy,6/22/2011,f,1,1,40.67231,-73.97878,Entire home/apt,2,1,1,$150.00 ,2,15,t,0,0,0,,,,1,
36703,https://www.airbnb.com/rooms/36703,Condo in New York · ★4.92 · 1 bedroom · 2 beds · 1 bath,158284,https://www.airbnb.com/users/show/158284,Karene,7/5/2010,t,1,1,40.73271,-74.00367,Entire home/apt,2,1,2,$200.00 ,40,1125,t,144,3,0,8/11/2010,4/15/2023,4.92,1,0.92
152259,https://www.airbnb.com/rooms/152259,Rental unit in New York · ★4.72 · 1 bedroom · 1 bed · 1 shared bath,256161,https://www.airbnb.com/users/show/256161,Wayne,10/7/2010,,4,12,40.81201,-73.94633,Private room,1,,1,$58.00 ,30,31,t,124,0,0,6/28/2011,3/13/2020,4.72,4,0.85
74860,https://www.airbnb.com/rooms/74860,Rental unit in Brooklyn · ★4.67 · 1 bedroom · 1 bed · 1 bath,394752,https://www.airbnb.com/users/show/394752,Allison,2/16/2011,f,1,2,40.72364,-73.95013,Entire home/apt,3,1,1,$75.00 ,30,730,f,3,0,0,3/28/2011,10/30/2019,4.67,1,0.02
36934,https://www.airbnb.com/rooms/36934,Rental unit in Brooklyn · ★4.50 · 1 bedroom · 1 bed · 1 bath,159370,https://www.airbnb.com/users/show/159370,Viviana,7/6/2010,f,1,3,40.71371,-73.96203,Entire home/apt,2,1,1,$150.00 ,6,28,t,32,5,1,10/13/2010,5/13/2023,4.5,1,0.21
152263,https://www.airbnb.com/rooms/152263,Rental unit in New York · ★4.84 · 2 bedrooms · 6 beds · 1 bath,732535,https://www.airbnb.com/users/show/732535,William,6/22/2011,t,1,3,40.80494,-73.94998,Entire home/apt,7,2,6,$360.00 ,2,25,t,334,48,4,9/26/2011,5/27/2023,4.84,1,2.35
38663,https://www.airbnb.com/rooms/38663,Home in Brooklyn · ★4.76 · 5 bedrooms · 5 beds · 2.5 baths,165789,https://www.airbnb.com/users/show/165789,Sarah,7/13/2010,t,2,3,40.68442,-73.98068,Entire home/apt,11,5,5,$900.00 ,3,60,t,43,11,1,7/9/2012,5/29/2023,4.76,1,0.32
152819,https://www.airbnb.com/rooms/152819,Condo in Brooklyn · ★4.89 · 3 bedrooms · 3 beds · 2 baths,132701,https://www.airbnb.com/users/show/132701,Lauren,5/26/2010,t,2,2,40.7167,-73.95014,Entire home/apt,5,3,3,$375.00 ,3,10,t,85,8,2,7/9/2011,5/14/2023,4.89,1,0.59
75635,https://www.airbnb.com/rooms/75635,Rental unit in New York · ★4.84 · 1 bedroom · 1 bed · 1 bath,401696,https://www.airbnb.com/users/show/401696,Patricia,2/20/2011,t,1,2,40.71911,-73.98588,Entire home/apt,3,1,1,$175.00 ,3,1125,t,393,57,4,2/28/2011,5/29/2023,4.84,1,2.63
38833,https://www.airbnb.com/rooms/38833,Rental unit in New York · ★4.81 · 1 bedroom · 1 bed · 1 bath,166532,https://www.airbnb.com/users/show/166532,Matthew,7/14/2010,f,1,1,40.81800842,-73.94669342,Entire home/apt,2,1,1,$205.00 ,7,1125,t,164,10,3,8/28/2010,5/28/2023,4.81,1,1.05
77765,https://www.airbnb.com/rooms/77765,Boutique hotel in Brooklyn · ★4.85 · 1 bedroom · 1 bed · 1 private bath,417504,https://www.airbnb.com/users/show/417504,The Box House Hotel,3/1/2011,t,30,40,40.73777,-73.95366,Hotel room,2,1,1,$299.00 ,1,365,t,51,10,1,3/26/2011,5/29/2023,4.85,30,0.34
154934,https://www.airbnb.com/rooms/154934,Rental unit in New York · ★4.42 · 1 bedroom · 1 bed,745069,https://www.airbnb.com/users/show/745069,Kimberly,6/26/2011,,2,5,40.8241,-73.94415,Private room,1,,1,$75.00 ,30,90,t,38,0,0,2/10/2012,5/8/2018,4.42,2,0.28
39282,https://www.airbnb.com/rooms/39282,Rental unit in Brooklyn · ★4.81 · 1 bedroom · 1 bed · 1 shared bath,168525,https://www.airbnb.com/users/show/168525,Gus,7/16/2010,,2,2,40.7106514,-73.95087433,Private room,2,,1,$159.00 ,4,45,t,254,12,1,8/2/2010,5/12/2023,4.81,2,1.62
155087,https://www.airbnb.com/rooms/155087,Home in Brooklyn · ★4.94 · 3 bedrooms · 3 beds · 1.5 baths,745764,https://www.airbnb.com/users/show/745764,Doron,6/26/2011,f,1,1,40.67275,-73.97873,Entire home/apt,4,3,3,$625.00 ,4,1125,t,22,8,3,7/12/2011,6/3/2023,4.94,1,0.15
79067,https://www.airbnb.com/rooms/79067,Townhouse in Brooklyn · ★4.73 · 3 bedrooms · 4 beds · 2.5 baths,425506,https://www.airbnb.com/users/show/425506,Bliss,3/6/2011,f,1,3,40.68337,-73.96253,Entire home/apt,5,3,4,$330.00 ,48,65,t,15,0,0,9/23/2015,11/6/2019,4.73,1,0.16
80493,https://www.airbnb.com/rooms/80493,Rental unit in New York · ★4.39 · 1 bedroom · 2 beds · 1 shared bath,434987,https://www.airbnb.com/users/show/434987,Jennifer,3/10/2011,,1,1,40.72259903,-73.98545074,Private room,2,,2,$59.00 ,2,30,t,229,28,3,3/31/2011,5/23/2023,4.39,1,1.54
39572,https://www.airbnb.com/rooms/39572,Rental unit in New York · ★4.86 · 1 bedroom · 1 bed,169927,https://www.airbnb.com/users/show/169927,Hubert,7/17/2010,,2,2,40.76203,-73.98869,Private room,2,,1,$139.00 ,30,1125,t,44,0,0,8/31/2010,1/3/2019,4.86,2,0.28
80684,https://www.airbnb.com/rooms/80684,Boutique hotel in Brooklyn · ★5.0 · 1 bedroom · 2 beds · 1 private bath,417504,https://www.airbnb.com/users/show/417504,The Box House Hotel,3/1/2011,t,30,40,40.73756,-73.9535,Hotel room,4,1,2,$449.00 ,1,365,t,11,1,0,11/20/2011,9/12/2022,5,30,0.08
39593,https://www.airbnb.com/rooms/39593,Condo in Long Island City · ★4.92 · 1 bedroom · 1 bed · 1 shared bath,110506,https://www.airbnb.com/users/show/110506,Myung,4/18/2010,,1,1,40.74523,-73.92318,Private room,1,,1,$78.00 ,31,180,t,31,2,0,9/14/2010,5/2/2023,4.92,1,0.2
80700,https://www.airbnb.com/rooms/80700,Boutique hotel in Brooklyn · ★4.70 · 1 bedroom · 2 beds · 1 private bath,417504,https://www.airbnb.com/users/show/417504,The Box House Hotel,3/1/2011,t,30,40,40.73777,-73.95366,Private room,4,1,2,$429.00 ,1,365,t,10,2,0,10/18/2011,10/22/2022,4.7,30,0.07
157673,https://www.airbnb.com/rooms/157673,Loft in Brooklyn · ★4.44 · 1 bedroom · 1 bed · 1 bath,757166,https://www.airbnb.com/users/show/757166,Tokunbo,6/29/2011,f,1,2,40.68096,-73.94062,Entire home/apt,4,1,1,$65.00 ,30,1125,t,92,0,0,8/4/2011,11/6/2020,4.44,1,0.64
39704,https://www.airbnb.com/rooms/39704,Townhouse in Brooklyn · ★4.71 · 1 bedroom · 1 bed · 1 bath,170510,https://www.airbnb.com/users/show/170510,Renée,7/18/2010,f,2,4,40.68216,-73.94594,Entire home/apt,4,1,1,$135.00 ,30,30,t,337,0,0,8/23/2010,12/12/2019,4.71,2,2.16
158061,https://www.airbnb.com/rooms/158061,Home in Brooklyn · ★4.54 · 1 bedroom · 1 bed · 1 bath,758441,https://www.airbnb.com/users/show/758441,Fred,6/29/2011,,4,4,40.68511,-73.91927,Private room,2,,1,$165.00 ,30,365,t,27,0,0,7/19/2011,10/8/2017,4.54,4,0.19
80924,https://www.airbnb.com/rooms/80924,Townhouse in Brooklyn · ★4.86 · 3 bedrooms · 5 beds · 1.5 baths,438133,https://www.airbnb.com/users/show/438133,Ellis,3/12/2011,f,2,2,40.67407,-73.98105,Entire home/apt,5,3,5,$160.00 ,30,1125,t,37,0,0,1/30/2014,2/18/2020,4.86,2,0.33
42300,https://www.airbnb.com/rooms/42300,Loft in New York · ★4.80 · 2 bedrooms · 2 beds · 2 baths,184755,https://www.airbnb.com/users/show/184755,Koray,7/29/2010,f,1,1,40.71992,-73.99167,Entire home/apt,4,2,2,$750.00 ,5,1125,t,73,6,0,8/8/2010,11/28/2022,4.8,1,0.47
81739,https://www.airbnb.com/rooms/81739,Boutique hotel in Brooklyn · 1 bedroom · 2 beds · 1 private bath,417504,https://www.airbnb.com/users/show/417504,The Box House Hotel,3/1/2011,t,30,40,40.73777,-73.95366,Private room,4,1,2,$429.00 ,1,365,t,2,0,0,3/25/2011,5/12/2011,4,30,0.01
158178,https://www.airbnb.com/rooms/158178,Rental unit in Brooklyn · ★4.67 · 2 bedrooms · 1 bed · 1 private bath,573065,https://www.airbnb.com/users/show/573065,Laura,5/10/2011,,1,2,40.71391,-73.96059,Private room,2,,1,$121.00 ,5,33,t,11,4,0,3/19/2012,2/25/2023,4.67,1,0.08
159749,https://www.airbnb.com/rooms/159749,Townhouse in Brooklyn · ★4.76 · 1 bedroom · 2 beds · 1 private bath,54275,https://www.airbnb.com/users/show/54275,JT And Tiziana,11/14/2009,,4,4,40.68048,-73.93938,Private room,3,,2,$81.00 ,2,1125,t,76,0,0,10/29/2011,1/3/2020,4.76,4,0.54
42729,https://www.airbnb.com/rooms/42729,Rental unit in Brooklyn · ★4.64 · 1 bedroom · 1 bed · 1 bath,11481,https://www.airbnb.com/users/show/11481,Annette,3/26/2009,t,5,11,40.67813,-74.00062,Entire home/apt,2,1,1,$212.00 ,4,45,t,208,25,1,9/13/2010,5/9/2023,4.64,3,1.34
159815,https://www.airbnb.com/rooms/159815,Townhouse in Brooklyn · ★4.87 · 1 bedroom · 1 bed · 1 shared bath,54275,https://www.airbnb.com/users/show/54275,JT And Tiziana,11/14/2009,,4,4,40.68048,-73.93938,Private room,2,,1,$70.00 ,1,1125,t,62,10,0,10/11/2011,9/13/2022,4.87,4,0.44
82638,https://www.airbnb.com/rooms/82638,Rental unit in New York · ★4.79 · 1 bedroom · 1 bed · 1 bath,449787,https://www.airbnb.com/users/show/449787,Sarah,3/18/2011,f,1,1,40.72408,-73.98154,Entire home/apt,2,1,1,$150.00 ,31,45,t,280,4,0,4/23/2011,3/4/2023,4.79,1,1.9
42882,https://www.airbnb.com/rooms/42882,Rental unit in Staten Island · ★4.81 · 1 bedroom · 1 bed · 1 shared bath,185978,https://www.airbnb.com/users/show/185978,Nicholas,7/30/2010,f,1,1,40.64633,-74.08156,Private room,2,1,1,$70.00 ,5,730,t,184,8,1,4/23/2011,5/13/2023,4.81,1,1.25
82928,https://www.airbnb.com/rooms/82928,Townhouse in Brooklyn · ★4.91 · 2 bedrooms · 3 beds · 1 bath,451545,https://www.airbnb.com/users/show/451545,Ruthven,3/19/2011,t,1,2,40.68433,-73.94469,Entire home/apt,5,2,3,$150.00 ,30,365,t,77,1,0,12/31/2015,12/31/2022,4.91,1,0.85
159913,https://www.airbnb.com/rooms/159913,Rental unit in New York · ★4.92 · 1 bedroom · 2 beds · 1 shared bath,759883,https://www.airbnb.com/users/show/759883,Kaye,6/29/2011,,2,2,40.74389,-74.00068,Private room,2,,2,$246.00 ,30,30,t,27,0,0,10/29/2017,12/16/2019,4.92,2,0.4
43105,https://www.airbnb.com/rooms/43105,Rental unit in New York · ★5.0 · 1 bedroom · 1 bed · 1 bath,188082,https://www.airbnb.com/users/show/188082,Thomas,8/1/2010,f,2,3,40.7449,-73.98499,Entire home/apt,2,1,1,$185.00 ,30,365,t,4,0,0,9/13/2017,4/21/2018,5,1,0.06
83243,https://www.airbnb.com/rooms/83243,Rental unit in Brooklyn · ★4.43 · 1 bedroom · 2 beds · 1 bath,453519,https://www.airbnb.com/users/show/453519,Julian,3/20/2011,f,1,6,40.68769,-73.91788,Entire home/apt,3,1,2,$77.00 ,30,60,t,255,4,0,4/4/2011,12/30/2022,4.43,1,1.72
84010,https://www.airbnb.com/rooms/84010,Boutique hotel in Brooklyn · ★4.88 · 1 bedroom · 1 bed · 1 private bath,417504,https://www.airbnb.com/users/show/417504,The Box House Hotel,3/1/2011,t,30,40,40.73777,-73.95366,Hotel room,2,1,1,$299.00 ,1,365,t,26,5,0,10/9/2011,12/5/2022,4.88,30,0.18
44229,https://www.airbnb.com/rooms/44229,Home in Brooklyn · ★4.69 · 1 bedroom · 1 bed · 1 bath,181376,https://www.airbnb.com/users/show/181376,Carol,7/26/2010,,2,5,40.69287,-73.97108,Private room,2,,1,$110.00 ,30,30,t,232,1,0,10/2/2010,9/5/2022,4.69,2,1.5
89621,https://www.airbnb.com/rooms/89621,Rental unit in Brooklyn · ★4.45 · 2 bedrooms · 2 beds · 1 bath,209460,https://www.airbnb.com/users/show/209460,Marylyn Palmer,8/22/2010,t,4,13,40.67823,-73.94719,Entire home/apt,4,2,2,$133.00 ,30,365,t,240,1,0,8/9/2011,6/15/2022,4.45,4,1.67
162493,https://www.airbnb.com/rooms/162493,Townhouse in Brooklyn · ★4.98 · 3 bedrooms · 3 beds · 2.5 baths,776490,https://www.airbnb.com/users/show/776490,Andres,7/4/2011,f,2,3,40.71174,-73.95798,Entire home/apt,6,3,3,$721.00 ,6,30,t,52,6,1,9/6/2015,5/23/2023,4.98,1,0.55
162508,https://www.airbnb.com/rooms/162508,Rental unit in Brooklyn · ★4.27 · 1 bedroom · 1 bed · 1 bath,776645,https://www.airbnb.com/users/show/776645,Placid,7/4/2011,f,2,3,40.67188,-73.95097,Entire home/apt,2,1,1,$150.00 ,7,22,t,30,2,2,8/22/2012,5/27/2023,4.27,1,0.23
163814,https://www.airbnb.com/rooms/163814,Rental unit in New York · ★4.15 · 1 bedroom · 3 beds · 1 bath,627217,https://www.airbnb.com/users/show/627217,Seith,5/26/2011,f,3,33,40.72641,-73.98711,Entire home/apt,5,1,3,$189.00 ,2,28,t,447,47,2,8/23/2011,6/4/2023,4.15,2,3.11
166006,https://www.airbnb.com/rooms/166006,Rental unit in New York · ★4.63 · 2 bedrooms · 3 beds · 1 bath,791287,https://www.airbnb.com/users/show/791287,Giancarlo,7/7/2011,f,1,2,40.79864,-73.96209,Entire home/apt,6,2,3,$250.00 ,31,365,t,193,3,0,7/30/2011,1/3/2023,4.63,1,1.34
92242,https://www.airbnb.com/rooms/92242,Rental unit in New York · ★4.47 · 2 bedrooms · 2 beds · 1 bath,496426,https://www.airbnb.com/users/show/496426,Mike,4/9/2011,f,2,3,40.71974,-73.98393,Entire home/apt,2,2,2,$429.00 ,21,365,t,81,0,0,4/18/2011,12/22/2017,4.47,1,0.55
45542,https://www.airbnb.com/rooms/45542,Rental unit in New York · ★4.78 · 2 bedrooms · 2 beds · 1 bath,202249,https://www.airbnb.com/users/show/202249,Campbell,8/15/2010,f,1,1,40.82569,-73.93842,Entire home/apt,4,2,2,$100.00 ,30,1125,t,18,0,0,9/11/2018,12/17/2018,4.78,1,0.31
93313,https://www.airbnb.com/rooms/93313,Loft in Brooklyn · ★4.72 · 2 bedrooms · 4 beds · 1 bath,25183,https://www.airbnb.com/users/show/25183,Nathalie,7/10/2009,f,2,3,40.68413,-73.93817,Entire home/apt,5,2,4,$156.00 ,2,1125,t,156,27,3,5/18/2011,5/21/2023,4.72,2,1.06
166172,https://www.airbnb.com/rooms/166172,Rental unit in Brooklyn · ★4.54 · 1 bedroom · 1 bed · 1 shared bath,792159,https://www.airbnb.com/users/show/792159,Wanda,7/7/2011,,1,2,40.68478,-73.9066,Private room,2,,1,$55.00 ,30,30,t,62,0,0,8/22/2013,9/29/2019,4.54,1,0.52
45556,https://www.airbnb.com/rooms/45556,Townhouse in Brooklyn · ★4.91 · 1 bedroom · 1 bed · 1.5 shared baths,67778,https://www.airbnb.com/users/show/67778,Doug,1/4/2010,,3,3,40.68834,-73.97578,Private room,2,,1,$65.00 ,2,1125,t,388,70,7,9/15/2010,6/2/2023,4.91,3,2.5
166983,https://www.airbnb.com/rooms/166983,Rental unit in Brooklyn · ★4.83 · 3 bedrooms · 4 beds · 2 baths,795640,https://www.airbnb.com/users/show/795640,Jilly,7/8/2011,f,1,1,40.68194,-73.99708,Entire home/apt,6,3,4,$350.00 ,30,30,t,6,0,0,9/3/2011,8/8/2015,4.83,1,0.04
94783,https://www.airbnb.com/rooms/94783,Rental unit in Brooklyn · ★4.86 · 1 bedroom · 1 bed · 1.5 baths,473113,https://www.airbnb.com/users/show/473113,Keishera,3/30/2011,t,1,1,40.6736,-73.9551,Entire home/apt,2,1,1,$135.00 ,7,90,t,145,15,0,4/27/2011,1/3/2023,4.86,1,0.98
45737,https://www.airbnb.com/rooms/45737,Rental unit in New York · ★4.38 · 1 bedroom · 1 bed · 1 bath,203444,https://www.airbnb.com/users/show/203444,Dana,8/16/2010,,1,4,40.73948,-74.00504,Private room,2,,1,$84.00 ,30,365,t,27,2,1,10/20/2010,5/11/2023,4.38,1,0.18
96471,https://www.airbnb.com/rooms/96471,Condo in Brooklyn · ★5.0 · 1 bedroom · 3 beds · 1.5 baths,116599,https://www.airbnb.com/users/show/116599,Sahr,5/1/2010,t,3,5,40.68513,-73.96648,Private room,5,,3,$171.00 ,30,365,t,13,0,0,7/15/2011,12/10/2019,5,3,0.09
168123,https://www.airbnb.com/rooms/168123,Guest suite in Brooklyn · ★4.61 · 1 bedroom · 1 bed · 1 bath,720558,https://www.airbnb.com/users/show/720558,Sara,6/19/2011,t,1,2,40.65891,-73.98556,Entire home/apt,2,1,1,$111.00 ,30,1125,t,119,3,0,9/1/2011,4/30/2023,4.61,1,0.83
45910,https://www.airbnb.com/rooms/45910,Townhouse in Queens · ★4.42 · 5 bedrooms · 10 beds · 2.5 baths,204539,https://www.airbnb.com/users/show/204539,Mark,8/17/2010,t,10,10,40.70309,-73.89963,Entire home/apt,16,5,10,$425.00 ,30,730,t,13,0,0,1/3/2012,11/12/2019,4.42,9,0.09
169063,https://www.airbnb.com/rooms/169063,Rental unit in New York · ★4.72 · 1 bedroom · 1 bed · 1 bath,498638,https://www.airbnb.com/users/show/498638,Elizabeth,4/10/2011,t,2,2,40.72873,-73.98253,Entire home/apt,2,1,1,$150.00 ,30,60,t,48,1,0,8/7/2011,3/2/2023,4.72,1,0.33
98663,https://www.airbnb.com/rooms/98663,Rental unit in New York · ★4.81 · 1 bedroom · 1 bed · 1 bath,520279,https://www.airbnb.com/users/show/520279,Peter Michael,4/19/2011,f,1,1,40.75077,-73.99657,Entire home/apt,2,1,1,$150.00 ,30,60,t,19,0,0,7/7/2011,6/11/2018,4.81,1,0.13
45935,https://www.airbnb.com/rooms/45935,Rental unit in Bronx · 1 bedroom · 1 bed · 1 shared bath,204586,https://www.airbnb.com/users/show/204586,L,8/17/2010,,1,2,40.80635,-73.92201,Private room,1,,1,$60.00 ,30,40,t,0,0,0,,,,1,
99085,https://www.airbnb.com/rooms/99085,Rental unit in Brooklyn · ★5.0 · Studio · 1 bed · 1 bath,522164,https://www.airbnb.com/users/show/522164,Wanda,4/19/2011,t,1,1,40.6867,-73.97469,Entire home/apt,2,,1,$127.00 ,30,90,t,31,5,1,5/7/2011,5/12/2023,5,1,0.21
169306,https://www.airbnb.com/rooms/169306,Home in Bronx · ★4.48 · 1 bedroom · 1 bed · 1 shared bath,806214,https://www.airbnb.com/users/show/806214,Vanessa,7/11/2011,,2,2,40.85981,-73.9063,Private room,2,,1,$54.00 ,7,60,t,165,11,0,7/29/2011,1/17/2023,4.48,1,1.14
45936,https://www.airbnb.com/rooms/45936,Bed and breakfast in New York · ★4.66 · 1 bedroom · 1 bed · 1 shared bath,867225,https://www.airbnb.com/users/show/867225,Rahul,7/25/2011,,2,3,40.8063,-73.95985,Private room,2,,1,$75.00 ,31,730,t,137,4,0,1/2/2011,4/15/2023,4.66,2,0.91
169464,https://www.airbnb.com/rooms/169464,Loft in Brooklyn · ★4.64 · 1 bedroom · 2 beds · 1 bath,806774,https://www.airbnb.com/users/show/806774,Ali & SweetPea,7/11/2011,f,2,2,40.70829,-73.96564,Entire home/apt,4,1,2,$85.00 ,30,365,t,98,0,0,7/20/2011,3/18/2020,4.64,2,0.68
170420,https://www.airbnb.com/rooms/170420,Rental unit in New York · ★5.0 · 1 bedroom · 1 bed · 1 bath,812814,https://www.airbnb.com/users/show/812814,Lena,7/12/2011,f,1,1,40.79179,-73.93972,Entire home/apt,2,1,1,$79.00 ,30,365,t,15,0,0,8/30/2011,2/15/2016,5,1,0.1
100186,https://www.airbnb.com/rooms/100186,Rental unit in Brooklyn · ★4.94 · 1 bedroom · 1 bed · 1 bath,526805,https://www.airbnb.com/users/show/526805,Mi,4/21/2011,t,1,1,40.66952,-73.99201,Entire home/apt,3,1,1,$130.00 ,30,90,t,118,6,0,6/5/2011,3/31/2023,4.94,1,0.81
46911,https://www.airbnb.com/rooms/46911,Home in Brooklyn · ★4.70 · 1 bedroom · 1 bed · 1 shared bath,210746,https://www.airbnb.com/users/show/210746,Kathleen R.,8/23/2010,,3,4,40.68022,-73.97457,Private room,2,,1,$120.00 ,3,1125,t,69,10,0,9/27/2010,12/15/2022,4.7,3,0.45
100368,https://www.airbnb.com/rooms/100368,Rental unit in New York · ★4.79 · 1 bedroom · 1 bed · 1 bath,526105,https://www.airbnb.com/users/show/526105,Scott,4/21/2011,f,1,11,40.74056,-74.00143,Entire home/apt,2,1,1,$277.00 ,30,270,t,37,2,0,7/17/2011,11/8/2022,4.79,1,0.26
49048,https://www.airbnb.com/rooms/49048,Home in Brooklyn · ★4.42 · 1 bedroom · 2 beds · 2 shared baths,35935,https://www.airbnb.com/users/show/35935,Angela,9/3/2009,,5,6,40.6829,-73.95701,Private room,3,,2,$104.00 ,30,365,t,25,2,0,5/26/2011,1/29/2023,4.42,5,0.17
50447,https://www.airbnb.com/rooms/50447,Rental unit in Brooklyn · ★4.83 · 1 bedroom · 2 beds · 1 bath,9744,https://www.airbnb.com/users/show/9744,Laurie,3/10/2009,,3,3,40.66913,-73.99041,Entire home/apt,3,1,2,$175.00 ,5,30,t,239,23,2,11/7/2010,5/12/2023,4.83,3,1.56
51438,https://www.airbnb.com/rooms/51438,Rental unit in New York · 1 bedroom · 1 bed · 1 bath,236421,https://www.airbnb.com/users/show/236421,Jessica,9/16/2010,,2,4,40.77449,-73.95308,Private room,1,,1,$130.00 ,14,31,t,0,0,0,,,,2,
52689,https://www.airbnb.com/rooms/52689,Rental unit in Astoria · ★4.97 · 2 bedrooms · 2 beds · 1 bath,244071,https://www.airbnb.com/users/show/244071,Litza,9/24/2010,t,1,2,40.77868,-73.90652,Entire home/apt,4,2,2,$180.00 ,30,1125,t,63,32,2,1/2/2011,5/23/2023,4.97,1,0.42
101053,https://www.airbnb.com/rooms/101053,Rental unit in Brooklyn · ★4.90 · 3 bedrooms · 3 beds · 2 baths,530032,https://www.airbnb.com/users/show/530032,Lee And Tara,4/23/2011,,1,1,40.71116,-73.95484,Private room,4,,3,$175.00 ,60,90,t,38,0,0,5/9/2011,7/12/2021,4.9,1,0.26
170761,https://www.airbnb.com/rooms/170761,Rental unit in Brooklyn · ★4.90 · 1 bedroom · 1 bed · 1.5 shared baths,67778,https://www.airbnb.com/users/show/67778,Doug,1/4/2010,,3,3,40.68876,-73.97758,Private room,2,,1,$85.00 ,2,30,t,159,66,8,5/4/2014,6/2/2023,4.9,3,1.44
171562,https://www.airbnb.com/rooms/171562,Condo in New York · ★4.89 · Studio · 2 beds · 1 bath,60923,https://www.airbnb.com/users/show/60923,Omri,12/7/2009,t,2,2,40.74937,-73.99467,Entire home/apt,2,,2,$235.00 ,60,60,t,30,6,2,9/8/2011,5/28/2023,4.89,1,0.21
53469,https://www.airbnb.com/rooms/53469,Guesthouse in Queens · ★4.34 · 1 bedroom · 1 bed · 1 bath,204539,https://www.airbnb.com/users/show/204539,Mark,8/17/2010,t,10,10,40.71567,-73.87842,Entire home/apt,4,1,1,$130.00 ,30,365,t,33,0,0,10/18/2010,5/9/2015,4.34,9,0.21
171978,https://www.airbnb.com/rooms/171978,Rental unit in Brooklyn · ★4.60 · 1 bedroom · 2 beds · 1 bath,820011,https://www.airbnb.com/users/show/820011,Ike,7/14/2011,f,2,4,40.66946,-73.94638,Entire home/apt,3,1,2,$105.00 ,7,730,t,12,4,0,8/13/2011,12/16/2022,4.6,2,0.08
103161,https://www.airbnb.com/rooms/103161,Rental unit in Brooklyn · ★4.79 · 1 bedroom · 2 beds · 1 bath,465278,https://www.airbnb.com/users/show/465278,Ade,3/26/2011,f,1,1,40.71551,-73.96274,Entire home/apt,2,1,2,$405.00 ,10,90,t,148,4,0,9/21/2013,5/5/2023,4.79,1,1.25
103311,https://www.airbnb.com/rooms/103311,Boutique hotel in Brooklyn · ★4.17 · 2 bedrooms · 3 beds · 1 private bath,417504,https://www.airbnb.com/users/show/417504,The Box House Hotel,3/1/2011,t,30,40,40.73778,-73.95366,Private room,6,2,3,$608.00 ,1,365,t,9,0,0,6/20/2011,5/19/2018,4.17,30,0.06
53470,https://www.airbnb.com/rooms/53470,Rental unit in Queens · ★4.0 · 2 bedrooms · 3 beds · 1 bath,204539,https://www.airbnb.com/users/show/204539,Mark,8/17/2010,t,10,10,40.70422,-73.89778,Entire home/apt,7,2,3,$193.00 ,30,730,t,6,0,0,10/22/2011,10/8/2015,4,9,0.04
53477,https://www.airbnb.com/rooms/53477,Townhouse in Queens · ★4.71 · 4 bedrooms · 8 beds · 2 baths,204539,https://www.airbnb.com/users/show/204539,Mark,8/17/2010,t,10,10,40.71778,-73.87714,Entire home/apt,12,4,8,$350.00 ,30,730,t,16,0,0,5/15/2011,8/9/2019,4.71,9,0.11
173151,https://www.airbnb.com/rooms/173151,Rental unit in Brooklyn · ★4.81 · 1 bedroom · 1 bed · 1 private bath,826459,https://www.airbnb.com/users/show/826459,Jane,7/16/2011,f,1,2,40.72852,-73.95655,Private room,2,1,1,$78.00 ,30,31,t,262,0,0,8/1/2011,3/8/2020,4.81,1,1.82
54466,https://www.airbnb.com/rooms/54466,Rental unit in New York · 1 bedroom · 1 bed · 1 bath,253385,https://www.airbnb.com/users/show/253385,Douglas,10/5/2010,,1,1,40.80255,-73.95803,Private room,2,,1,$200.00 ,30,60,t,0,0,0,,,,1,
174966,https://www.airbnb.com/rooms/174966,Condo in New York · ★4.96 · 2 bedrooms · 3 beds · 2.5 baths,836168,https://www.airbnb.com/users/show/836168,Henry,7/18/2011,f,14,17,40.7751,-73.98595,Entire home/apt,9,2,3,"$2,500.00 ",30,1125,t,26,0,0,12/29/2011,1/20/2016,4.96,10,0.19
103555,https://www.airbnb.com/rooms/103555,Serviced apartment in Brooklyn · ★4.71 · 2 bedrooms · 2 beds · 2.5 baths,220001,https://www.airbnb.com/users/show/220001,Gordon,9/1/2010,f,1,2,40.693047,-73.971985,Entire home/apt,3,2,2,$375.00 ,1,10,t,282,1,1,5/2/2011,5/17/2023,4.71,1,1.91
105469,https://www.airbnb.com/rooms/105469,Rental unit in Rockaway Beach · ★4.93 · 1 bedroom · 1 bed · 1 shared bath,547386,https://www.airbnb.com/users/show/547386,Michelle,4/30/2011,,2,2,40.58603,-73.8145,Private room,1,,1,$114.00 ,2,90,t,17,0,0,5/8/2011,9/17/2021,4.93,1,0.12
54508,https://www.airbnb.com/rooms/54508,Guest suite in Brooklyn · ★4.75 · 1 bedroom · 1 bed · 2 shared baths,210746,https://www.airbnb.com/users/show/210746,Kathleen R.,8/23/2010,,3,4,40.67908,-73.97405,Private room,2,,1,$96.00 ,2,1125,t,154,28,0,10/14/2010,1/1/2023,4.75,3,1
106363,https://www.airbnb.com/rooms/106363,Rental unit in New York · ★4.86 · 1 bedroom · 1 bed · 1.5 baths,551055,https://www.airbnb.com/users/show/551055,Alicia,5/2/2011,,2,4,40.82772,-73.95284,Private room,1,,1,$91.00 ,5,30,t,461,25,3,5/18/2011,5/28/2023,4.86,1,3.14
106906,https://www.airbnb.com/rooms/106906,Condo in Brooklyn · ★4.90 · 2 bedrooms · 2 beds · 1 bath,553964,https://www.airbnb.com/users/show/553964,Justine,5/3/2011,f,1,2,40.68615,-73.96769,Entire home/apt,2,2,2,$185.00 ,45,60,t,12,0,0,6/26/2011,1/5/2016,4.9,1,0.08
176135,https://www.airbnb.com/rooms/176135,Rental unit in Brooklyn · ★4.68 · 1 bedroom · 1 bed · 1 bath,842125,https://www.airbnb.com/users/show/842125,Jenna,7/19/2011,f,1,1,40.67545,-73.96096,Entire home/apt,2,1,1,$97.00 ,30,40,t,33,0,0,8/21/2011,8/9/2019,4.68,1,0.23
177495,https://www.airbnb.com/rooms/177495,Condo in New York · ★5.0 · 2 bedrooms · 2 beds · 1.5 baths,848960,https://www.airbnb.com/users/show/848960,Amit,7/21/2011,f,1,2,40.74088,-73.99538,Entire home/apt,4,2,2,$550.00 ,30,730,t,5,0,0,11/17/2017,6/24/2019,5,1,0.07
54544,https://www.airbnb.com/rooms/54544,Rental unit in New York · ★4.64 · 1 bedroom · 4 beds · 1 bath,256161,https://www.airbnb.com/users/show/256161,Wayne,10/7/2010,,4,12,40.81182,-73.94631,Entire home/apt,5,1,4,$160.00 ,3,30,t,131,9,4,1/2/2011,5/24/2023,4.64,4,0.87
177606,https://www.airbnb.com/rooms/177606,Condo in New York · ★4.78 · 1 bedroom · 1 bed · 1 private bath,849492,https://www.airbnb.com/users/show/849492,Kathrine,7/21/2011,t,1,1,40.74045,-73.9749,Private room,2,1,1,$189.00 ,10,1125,t,124,10,2,9/15/2011,5/22/2023,4.78,1,0.87
179670,https://www.airbnb.com/rooms/179670,Condo in New York · ★4.89 · 1 bedroom · 1 bed · 1 private bath,21475,https://www.airbnb.com/users/show/21475,Milan,6/14/2009,,1,1,40.72113,-73.98213,Private room,1,,1,$175.00 ,3,7,t,128,4,0,9/17/2011,9/11/2022,4.89,1,0.9
179741,https://www.airbnb.com/rooms/179741,Rental unit in New York · ★4.95 · 2 bedrooms · 3 beds · 1 bath,314941,https://www.airbnb.com/users/show/314941,Tony,12/10/2010,t,3,37,40.72212,-73.99638,Entire home/apt,6,2,3,$542.00 ,1,365,t,19,1,0,10/26/2011,7/28/2022,4.95,3,0.13
182069,https://www.airbnb.com/rooms/182069,Rental unit in New York · ★4.77 · 2 bedrooms · 1 bed · 1 bath,39260,https://www.airbnb.com/users/show/39260,Mat,9/17/2009,f,1,1,40.78923,-73.946,Entire home/apt,3,2,1,$110.00 ,30,1125,t,122,2,0,9/27/2011,4/30/2023,4.77,1,0.86
182177,https://www.airbnb.com/rooms/182177,Townhouse in Bronx · ★4.68 · 1 bedroom · 2 beds · 1 bath,873273,https://www.airbnb.com/users/show/873273,Christian & Carla,7/26/2011,,2,13,40.86502,-73.85496,Entire home/apt,5,1,2,$114.00 ,2,1125,t,340,15,2,9/4/2011,5/22/2023,4.68,2,2.38
107630,https://www.airbnb.com/rooms/107630,Home in Brooklyn · ★4.75 · 1 bedroom · 2 beds · 1 bath,306739,https://www.airbnb.com/users/show/306739,Maya,12/1/2010,t,2,4,40.72741,-73.95466,Entire home/apt,3,1,2,$225.00 ,3,90,t,338,26,1,6/16/2011,5/14/2023,4.75,2,2.32
112304,https://www.airbnb.com/rooms/112304,Rental unit in New York · 1 bedroom · 1 bed · 1 bath,573316,https://www.airbnb.com/users/show/573316,Kelli,5/10/2011,,1,1,40.8069,-73.95372,Private room,2,,1,$90.00 ,30,730,t,1,0,0,1/2/2016,1/2/2016,5,1,0.01
112435,https://www.airbnb.com/rooms/112435,Home in Brooklyn · ★4.62 · 1 bedroom · 1 bed · 1 bath,181376,https://www.airbnb.com/users/show/181376,Carol,7/26/2010,,2,5,40.69132,-73.97306,Private room,2,,1,$95.00 ,30,30,t,177,0,0,6/12/2011,2/16/2020,4.62,2,1.21
113092,https://www.airbnb.com/rooms/113092,Rental unit in New York · 1 bedroom · 1 bed · 1 bath,575906,https://www.airbnb.com/users/show/575906,San,5/10/2011,f,1,1,40.6905,-73.97867,Private room,1,1,1,$90.00 ,30,30,f,0,0,0,,,,1,
113265,https://www.airbnb.com/rooms/113265,Rental unit in Brooklyn · ★4.75 · 1 bedroom · 1 bed · 1 private bath,314582,https://www.airbnb.com/users/show/314582,Anthony,12/9/2010,,2,4,40.67582,-73.9518,Private room,2,,1,$60.00 ,30,730,t,274,2,0,6/12/2011,4/23/2023,4.75,2,1.88
54694,https://www.airbnb.com/rooms/54694,Home in Queens · ★4.35 · 1 bedroom · 1 bed · 1 shared bath,27848,https://www.airbnb.com/users/show/27848,Jullett,7/27/2009,f,2,4,40.67144,-73.76501,Private room,2,1,1,$65.00 ,30,365,f,62,0,0,10/13/2010,1/1/2018,4.35,2,0.4
115535,https://www.airbnb.com/rooms/115535,Rental unit in New York · ★4.76 · 1 bedroom · 1 bed · 1 shared bath,567187,https://www.airbnb.com/users/show/567187,Jane,5/8/2011,,1,3,40.82402,-73.95263,Private room,1,,1,$65.00 ,30,365,t,34,0,0,5/23/2011,10/30/2019,4.76,1,0.23
187566,https://www.airbnb.com/rooms/187566,Rental unit in Brooklyn · ★4.83 · 1 bedroom · 1 bed · 1 bath,279078,https://www.airbnb.com/users/show/279078,Andrew & Markus,11/5/2010,t,1,3,40.6926,-73.9505,Entire home/apt,2,1,1,$139.00 ,2,210,t,232,20,2,9/21/2011,5/13/2023,4.83,1,1.63
54860,https://www.airbnb.com/rooms/54860,Rental unit in New York · ★4.87 · 1 bedroom · 1 bed · 1 private bath,258164,https://www.airbnb.com/users/show/258164,Jenny,10/10/2010,,1,1,40.79934,-73.94236,Private room,2,,1,$125.00 ,5,21,t,285,27,2,10/22/2010,5/17/2023,4.87,1,1.85
187986,https://www.airbnb.com/rooms/187986,Rental unit in New York · 2 bedrooms · 2 beds · 1.5 baths,904833,https://www.airbnb.com/users/show/904833,Daniel,8/1/2011,f,1,1,40.73862,-73.99758,Entire home/apt,4,2,2,$250.00 ,30,1125,f,2,0,0,8/31/2011,8/28/2015,4.5,1,0.01
188674,https://www.airbnb.com/rooms/188674,Rental unit in New York · ★4.87 · 1 bedroom · 1 bed · 1 bath,909234,https://www.airbnb.com/users/show/909234,Leslie,8/2/2011,f,1,2,40.73345,-73.98809,Entire home/apt,2,1,1,$165.00 ,30,730,t,63,0,0,11/27/2011,1/12/2018,4.87,1,0.45
115748,https://www.airbnb.com/rooms/115748,Rental unit in Long Island City · ★4.61 · 1 bedroom · 1 bed · 1 bath,585166,https://www.airbnb.com/users/show/585166,Lilly,5/13/2011,f,1,2,40.76406,-73.92266,Entire home/apt,2,1,1,$110.00 ,5,30,t,40,4,0,9/20/2011,3/31/2023,4.61,1,0.28
55959,https://www.airbnb.com/rooms/55959,Rental unit in Brooklyn · ★4.83 · 1 bedroom · 1 bed · 1 shared bath,168525,https://www.airbnb.com/users/show/168525,Gus,7/16/2010,,2,2,40.71065,-73.95087,Private room,1,,1,$156.00 ,5,60,t,100,6,0,7/28/2013,4/30/2023,4.83,2,0.83
116551,https://www.airbnb.com/rooms/116551,Rental unit in New York · ★4.49 · Studio · 2 beds · 1 bath,497672,https://www.airbnb.com/users/show/497672,Cynthia And  Charlie,4/10/2011,t,1,5,40.80384,-73.95123,Entire home/apt,4,,2,$78.00 ,30,730,t,175,3,1,5/29/2011,5/31/2023,4.49,1,1.2
188803,https://www.airbnb.com/rooms/188803,Rental unit in Brooklyn · ★4.94 · 1 bedroom · 1 bed · 1.5 shared baths,67778,https://www.airbnb.com/users/show/67778,Doug,1/4/2010,,3,3,40.68915,-73.97686,Private room,2,,1,$90.00 ,2,28,t,33,17,6,8/25/2015,6/1/2023,4.94,3,0.35
189135,https://www.airbnb.com/rooms/189135,Rental unit in New York · ★4.73 · 1 bedroom · 1 bed · 1 shared bath,179020,https://www.airbnb.com/users/show/179020,Michael,7/24/2010,,1,2,40.76263,-73.99401,Private room,2,,1,$151.00 ,2,365,t,122,21,3,3/5/2012,5/28/2023,4.73,1,0.89
208889,https://www.airbnb.com/rooms/208889,Rental unit in Brooklyn · ★4.57 · 2 bedrooms · 2 beds · 1 bath,1029021,https://www.airbnb.com/users/show/1029021,Jameelah,8/28/2011,f,6,8,40.69049,-73.93212,Entire home/apt,4,2,2,$91.00 ,30,180,t,61,3,0,9/24/2011,5/5/2023,4.57,4,0.43
55982,https://www.airbnb.com/rooms/55982,Rental unit in Brooklyn · ★4.74 · 1 bedroom · 1 bed · 1 shared bath,264928,https://www.airbnb.com/users/show/264928,Sally,10/18/2010,,1,1,40.68701,-73.97555,Private room,1,,1,$85.00 ,3,18,t,43,5,0,11/8/2010,1/1/2023,4.74,1,0.28
56859,https://www.airbnb.com/rooms/56859,Rental unit in New York · ★4.66 · 1 bedroom · 1 bed · 1 shared bath,256161,https://www.airbnb.com/users/show/256161,Wayne,10/7/2010,,4,12,40.81201,-73.94452,Private room,2,,1,$74.00 ,3,30,t,260,32,4,12/16/2010,5/22/2023,4.66,4,1.71
209310,https://www.airbnb.com/rooms/209310,Condo in Queens · ★4.90 · 1 bedroom · 2 beds · 1 shared bath,1031148,https://www.airbnb.com/users/show/1031148,Iulia,8/28/2011,,3,5,40.73877,-73.92557,Private room,2,,2,$59.00 ,7,365,t,296,10,0,3/15/2012,4/9/2023,4.9,1,2.17
212109,https://www.airbnb.com/rooms/212109,Rental unit in New York · ★5.0 · 2 bedrooms · 2 beds · 1 shared bath,666271,https://www.airbnb.com/users/show/666271,Susan,6/5/2011,,1,1,40.73814,-74.00811,Private room,1,,2,$89.00 ,30,90,t,12,2,0,11/1/2015,9/13/2022,5,1,0.13
212544,https://www.airbnb.com/rooms/212544,Rental unit in Brooklyn · ★4.67 · 1 bedroom · 1 bed · 1.5 baths,1096084,https://www.airbnb.com/users/show/1096084,Daniel,9/1/2011,f,1,1,40.67828,-73.98414,Entire home/apt,3,1,1,$100.00 ,30,60,t,9,0,0,10/28/2011,6/23/2016,4.67,1,0.06
189181,https://www.airbnb.com/rooms/189181,Condo in New York · 2 bedrooms · 2 beds · 1 private bath,912541,https://www.airbnb.com/users/show/912541,David,8/2/2011,,1,6,40.74907,-74.00281,Private room,2,,2,$282.00 ,30,60,t,1,0,0,4/20/2014,4/20/2014,4,1,0.01
189732,https://www.airbnb.com/rooms/189732,Home in Brooklyn · ★4.81 · 3 bedrooms · 5 beds · 1.5 baths,489400,https://www.airbnb.com/users/show/489400,O'Dell,4/6/2011,t,1,2,40.67346,-73.87263,Entire home/apt,8,3,5,$193.00 ,3,29,t,294,29,2,9/17/2011,5/29/2023,4.81,1,2.06
189787,https://www.airbnb.com/rooms/189787,Rental unit in Brooklyn · ★4.64 · 1 bedroom · 1 bed · 1 bath,915640,https://www.airbnb.com/users/show/915640,Sundiata,8/3/2011,f,1,1,40.66941,-73.94988,Entire home/apt,2,1,1,$108.00 ,30,518,t,103,0,0,9/2/2011,1/1/2020,4.64,1,0.72
57166,https://www.airbnb.com/rooms/57166,Rental unit in Astoria · ★4.86 · 1 bedroom · 2 beds · 1 bath,272006,https://www.airbnb.com/users/show/272006,Vasili,10/26/2010,t,14,19,40.772472,-73.906075,Entire home/apt,2,1,2,$151.00 ,3,360,t,134,47,2,11/15/2010,5/24/2023,4.86,1,0.88
190968,https://www.airbnb.com/rooms/190968,Rental unit in Brooklyn · ★4.77 · 1 bedroom · 1 bed · 1 bath,922922,https://www.airbnb.com/users/show/922922,Karen,8/4/2011,f,1,1,40.67914,-73.96443,Entire home/apt,2,1,1,$175.00 ,3,1125,t,37,0,0,9/6/2011,12/28/2019,4.77,1,0.26
213330,https://www.airbnb.com/rooms/213330,Rental unit in New York · ★4.98 · 1 bedroom · 1 bed · 2 baths,800223,https://www.airbnb.com/users/show/800223,Nader,7/10/2011,,1,3,40.71724,-73.99054,Private room,2,,1,$214.00 ,6,1125,t,52,6,1,5/15/2015,5/22/2023,4.98,1,0.53
57297,https://www.airbnb.com/rooms/57297,Rental unit in Brooklyn · ★4.69 · 1 bedroom · 1 bed · 1 bath,199392,https://www.airbnb.com/users/show/199392,S.M.,8/12/2010,f,2,5,40.69003,-73.99338,Entire home/apt,3,1,1,$263.00 ,7,90,t,285,18,0,12/7/2010,4/26/2023,4.69,1,1.87
214917,https://www.airbnb.com/rooms/214917,Guest suite in Staten Island · 1 bedroom · 2 beds · 1 bath,1109658,https://www.airbnb.com/users/show/1109658,Carmel,9/4/2011,f,1,1,40.60742,-74.14388,Entire home/apt,3,1,2,$76.00 ,30,365,f,2,0,0,7/11/2016,2/8/2018,5,1,0.02
190974,https://www.airbnb.com/rooms/190974,Rental unit in Brooklyn · ★4.69 · 1 bedroom · 2 beds · 1 bath,874471,https://www.airbnb.com/users/show/874471,Alan,7/26/2011,t,1,1,40.66836,-73.98166,Entire home/apt,2,1,2,$130.00 ,3,31,t,296,47,5,3/29/2012,5/27/2023,4.69,1,2.17
57618,https://www.airbnb.com/rooms/57618,Rental unit in New York · ★4.83 · 1 bedroom · 1 bed · 1 bath,274557,https://www.airbnb.com/users/show/274557,Ana,10/30/2010,t,1,1,40.76505,-73.98716,Entire home/apt,2,1,1,$250.00 ,4,365,t,131,13,0,6/15/2011,4/18/2023,4.83,1,0.9
191610,https://www.airbnb.com/rooms/191610,Townhouse in New York · ★4.55 · 1 bedroom · 1 bed · 1 private bath,927028,https://www.airbnb.com/users/show/927028,Tony,8/5/2011,,2,3,40.74735,-74.00208,Private room,2,,1,$123.00 ,3,28,t,115,22,2,1/2/2012,5/20/2023,4.55,2,0.83
216080,https://www.airbnb.com/rooms/216080,Home in Brooklyn · ★4.91 · 1 bedroom · 1 bed · 1 private bath,17571,https://www.airbnb.com/users/show/17571,Jane,5/17/2009,,2,2,40.69065713,-73.97352655,Private room,2,,1,$190.00 ,30,1125,t,154,35,1,9/28/2011,5/9/2023,4.91,2,1.08
57754,https://www.airbnb.com/rooms/57754,Loft in New York · ★4.98 · 1 bedroom · 1 bed · 1 bath,275578,https://www.airbnb.com/users/show/275578,R,10/31/2010,t,1,1,40.74166,-73.9866,Entire home/apt,2,1,1,$350.00 ,2,6,t,185,24,2,5/24/2011,5/22/2023,4.98,1,1.26
217580,https://www.airbnb.com/rooms/217580,Rental unit in Brooklyn · ★4.67 · 1 bedroom · 2 beds · 1 bath,1121193,https://www.airbnb.com/users/show/1121193,Samuel,9/7/2011,f,1,3,40.61933,-74.03208,Entire home/apt,2,1,2,$76.00 ,30,1125,t,12,1,1,4/12/2012,5/21/2023,4.67,1,0.09
195123,https://www.airbnb.com/rooms/195123,Rental unit in New York · ★4.60 · 1 bedroom · 1 bed · 1.5 shared baths,940724,https://www.airbnb.com/users/show/940724,Susan,8/8/2011,,1,2,40.83338,-73.94326,Private room,2,,1,$75.00 ,30,365,t,232,0,0,8/22/2011,1/11/2020,4.6,1,1.62
57874,https://www.airbnb.com/rooms/57874,Rental unit in New York · ★4.87 · 1 bedroom · 1 bed · 1 bath,276291,https://www.airbnb.com/users/show/276291,Simon,11/1/2010,t,2,2,40.80747,-73.94076,Entire home/apt,2,1,1,$171.00 ,3,365,t,370,42,3,11/8/2010,5/18/2023,4.87,1,2.42
195989,https://www.airbnb.com/rooms/195989,Rental unit in Brooklyn · ★4.93 · 1 bedroom · 1 bed · 1 private bath,611716,https://www.airbnb.com/users/show/611716,Elizabeth,5/22/2011,,1,2,40.67641,-73.98161,Private room,2,,1,$105.00 ,3,29,t,227,7,1,9/9/2011,5/8/2023,4.93,1,1.59
218358,https://www.airbnb.com/rooms/218358,Rental unit in New York · ★4.73 · 1 bedroom · 1 bed · 1 shared bath,1129218,https://www.airbnb.com/users/show/1129218,Orlando,9/8/2011,,1,1,40.80592,-73.95172,Private room,1,,1,$70.00 ,30,1125,t,28,2,0,1/29/2015,12/31/2022,4.73,1,0.28
58059,https://www.airbnb.com/rooms/58059,Rental unit in New York · ★4.71 · 1 bedroom · 1 bed · 1.5 baths,277379,https://www.airbnb.com/users/show/277379,Agnes,11/3/2010,,2,2,40.8238,-73.94444,Private room,2,,1,$61.00 ,29,1125,t,659,53,3,4/25/2011,5/21/2023,4.71,2,4.47
219066,https://www.airbnb.com/rooms/219066,Rental unit in Brooklyn · ★4.87 · 1 bedroom · 1 bed · 1 bath,447754,https://www.airbnb.com/users/show/447754,Yana,3/17/2011,t,2,7,40.61943,-73.99232,Entire home/apt,2,1,1,$110.00 ,10,365,t,30,1,0,11/7/2011,6/9/2022,4.87,1,0.21
197942,https://www.airbnb.com/rooms/197942,Townhouse in Brooklyn · ★4.81 · 2 bedrooms · 2 beds · 1 bath,289135,https://www.airbnb.com/users/show/289135,Toni,11/16/2010,t,1,1,40.6836,-73.95445,Entire home/apt,2,2,2,$199.00 ,5,1125,t,247,11,3,9/16/2011,5/25/2023,4.81,1,1.73
58062,https://www.airbnb.com/rooms/58062,Townhouse in Brooklyn · ★4.72 · 2 bedrooms · 3 beds · 1 private bath,277394,https://www.airbnb.com/users/show/277394,Linda,11/3/2010,,1,1,40.65912,-73.9842,Private room,4,,3,$139.00 ,2,30,t,25,0,0,11/4/2012,2/16/2020,4.72,1,0.19
198478,https://www.airbnb.com/rooms/198478,Rental unit in New York · ★4.83 · 1 bedroom · 1 bed · 1 bath,968805,https://www.airbnb.com/users/show/968805,Lennay,8/14/2011,,1,2,40.7794,-73.95096,Private room,1,,1,$94.00 ,30,200,t,40,1,0,1/18/2015,8/13/2022,4.83,1,0.39
219922,https://www.airbnb.com/rooms/219922,Townhouse in New York · ★4.75 · 1 bedroom · 2 beds · 1 shared bath,1139574,https://www.airbnb.com/users/show/1139574,Carmel,9/10/2011,,1,2,40.81553,-73.95438,Private room,1,,2,$90.00 ,30,30,t,37,0,0,6/16/2012,10/23/2019,4.75,1,0.28
59014,https://www.airbnb.com/rooms/59014,Rental unit in New York · ★4.67 · 1 bedroom · 1 bed · 1 bath,282927,https://www.airbnb.com/users/show/282927,Drica,11/10/2010,t,1,1,40.71946,-73.98641,Entire home/apt,2,1,1,$200.00 ,30,1125,t,59,2,0,12/27/2010,9/30/2022,4.67,1,0.39
220563,https://www.airbnb.com/rooms/220563,Rental unit in Brooklyn · ★4.72 · 1 bedroom · 1 bed · 1 bath,918087,https://www.airbnb.com/users/show/918087,Jacqui,8/3/2011,,3,3,40.68788,-73.95014,Private room,2,,1,$75.00 ,30,60,t,59,0,0,9/16/2011,1/5/2017,4.72,3,0.41
200955,https://www.airbnb.com/rooms/200955,Rental unit in New York · ★4.44 · 1 bedroom · 1 bed · 1 bath,568325,https://www.airbnb.com/users/show/568325,Simone,5/8/2011,f,1,2,40.73125,-73.9811,Entire home/apt,2,1,1,$125.00 ,30,300,t,22,0,0,9/17/2011,12/31/2020,4.44,1,0.15
59121,https://www.airbnb.com/rooms/59121,Rental unit in Queens · ★4.75 · 3 bedrooms · 6 beds · 1 bath,204539,https://www.airbnb.com/users/show/204539,Mark,8/17/2010,t,10,10,40.70271,-73.8993,Entire home/apt,9,3,6,$239.00 ,30,730,t,4,2,0,9/17/2012,2/10/2023,4.75,9,0.03
201514,https://www.airbnb.com/rooms/201514,Rental unit in New York · 1 bedroom · 1 bed · 1 bath,985846,https://www.airbnb.com/users/show/985846,Tere,8/17/2011,f,1,3,40.82553,-73.94511,Entire home/apt,4,1,1,$150.00 ,30,60,f,1,0,0,10/5/2017,10/5/2017,0,1,0.01
222304,https://www.airbnb.com/rooms/222304,Rental unit in New York · ★4.79 · 1 bedroom · 1 bed · 1 bath,1153993,https://www.airbnb.com/users/show/1153993,Anton,9/13/2011,f,1,1,40.7401,-74.00019,Entire home/apt,2,1,1,$129.00 ,30,31,t,35,0,0,10/24/2011,10/1/2021,4.79,1,0.25
222913,https://www.airbnb.com/rooms/222913,Rental unit in New York · ★4.67 · 2 bedrooms · 2 beds · 1 bath,1157620,https://www.airbnb.com/users/show/1157620,Rachel,9/14/2011,f,1,1,40.71254,-73.98352,Entire home/apt,4,2,2,$220.00 ,30,60,t,230,0,0,11/30/2011,1/3/2022,4.67,1,1.64
223930,https://www.airbnb.com/rooms/223930,Rental unit in Brooklyn · ★4.81 · 1 bedroom · 1 bed · 1 bath,1164642,https://www.airbnb.com/users/show/1164642,Rosalynn,9/15/2011,f,1,1,40.67319,-73.96804,Entire home/apt,2,1,1,$150.00 ,30,60,t,21,0,0,9/23/2011,6/23/2019,4.81,1,0.15
201992,https://www.airbnb.com/rooms/201992,Rental unit in Brooklyn · ★4.84 · 1 bedroom · 2 beds · 1 bath,988350,https://www.airbnb.com/users/show/988350,Andrea,8/18/2011,f,1,1,40.67466,-73.97853,Entire home/apt,4,1,2,$190.00 ,30,30,t,106,0,0,3/13/2014,7/2/2019,4.84,1,0.94
202273,https://www.airbnb.com/rooms/202273,Rental unit in Brooklyn · ★4.41 · 1 bedroom · 1 bed · 1 bath,918087,https://www.airbnb.com/users/show/918087,Jacqui,8/3/2011,,3,3,40.68702,-73.94917,Private room,2,,1,$55.00 ,30,101,t,72,0,0,10/1/2011,12/26/2016,4.41,3,0.51
203901,https://www.airbnb.com/rooms/203901,Rental unit in New York · ★5.0 · 1 bedroom · 1 bed · 1 bath,1000477,https://www.airbnb.com/users/show/1000477,Elizabeth,8/21/2011,f,1,1,40.76922,-73.95648,Entire home/apt,4,1,1,$190.00 ,30,1125,t,8,0,0,8/31/2011,9/18/2016,5,1,0.06
224004,https://www.airbnb.com/rooms/224004,Rental unit in New York · ★4.62 · 1 bedroom · 1 bed · 1 shared bath,1165231,https://www.airbnb.com/users/show/1165231,Deirdre,9/15/2011,,1,3,40.80529,-73.95307,Private room,2,,1,$100.00 ,30,365,t,70,2,0,10/16/2011,5/1/2023,4.62,1,0.49
225354,https://www.airbnb.com/rooms/225354,Rental unit in Brooklyn · ★4.80 · 1 bedroom · 1 bed · 1 bath,1158300,https://www.airbnb.com/users/show/1158300,Camila,9/14/2011,f,1,1,40.71085,-73.96672,Entire home/apt,2,1,1,$180.00 ,30,365,t,11,0,0,10/13/2011,9/1/2019,4.8,1,0.08
204065,https://www.airbnb.com/rooms/204065,Home in Brooklyn · ★4.58 · 2 bedrooms · 5 beds · 1 bath,51038,https://www.airbnb.com/users/show/51038,Erica,11/3/2009,f,5,8,40.687,-73.96149,Entire home/apt,8,2,5,$448.00 ,2,365,t,109,19,2,9/6/2011,5/19/2023,4.58,2,0.76
205485,https://www.airbnb.com/rooms/205485,Rental unit in Brooklyn · ★4.90 · 1 bedroom · 1 bed · 1 bath,1010242,https://www.airbnb.com/users/show/1010242,Zora & Chris,8/23/2011,t,1,1,40.68339,-73.94034,Entire home/apt,2,1,1,$185.00 ,3,30,t,155,14,3,9/7/2011,5/29/2023,4.9,1,1.08
205867,https://www.airbnb.com/rooms/205867,Rental unit in Brooklyn · ★4.75 · 1 bedroom · 3 beds · 1 bath,1012691,https://www.airbnb.com/users/show/1012691,Tiffaney,8/23/2011,t,1,1,40.72002,-73.94238,Entire home/apt,3,1,3,$120.00 ,4,365,t,137,26,0,4/12/2012,4/29/2023,4.75,1,1.01
206316,https://www.airbnb.com/rooms/206316,Rental unit in Brooklyn · ★4.75 · Studio · 2 beds · 1 bath,1014639,https://www.airbnb.com/users/show/1014639,Brett,8/24/2011,f,1,1,40.6878,-73.97253,Entire home/apt,2,,2,$157.00 ,30,730,t,4,0,0,9/17/2017,8/27/2018,4.75,1,0.06
225976,https://www.airbnb.com/rooms/225976,Rental unit in Staten Island · ★4.57 · 1 bedroom · 1 bed · 1 bath,1177947,https://www.airbnb.com/users/show/1177947,Marina,9/18/2011,t,1,1,40.61019,-74.06757,Entire home/apt,3,1,1,$80.00 ,4,1125,t,94,6,0,9/26/2011,3/4/2023,4.57,1,0.66
226021,https://www.airbnb.com/rooms/226021,Rental unit in Brooklyn · ★4.92 · 2 bedrooms · 3 beds · 1 bath,815977,https://www.airbnb.com/users/show/815977,Ryan,7/13/2011,t,2,5,40.71137,-73.9465,Entire home/apt,5,2,3,$304.00 ,30,250,t,242,35,2,10/2/2011,5/20/2023,4.92,2,1.7
227495,https://www.airbnb.com/rooms/227495,Rental unit in New York · ★4.58 · 1 bedroom · 2 beds · 1 bath,959931,https://www.airbnb.com/users/show/959931,Kimball,8/12/2011,f,1,4,40.78764,-73.97274,Entire home/apt,2,1,2,$205.00 ,30,365,t,104,0,0,9/26/2011,5/19/2022,4.58,1,0.73
206957,https://www.airbnb.com/rooms/206957,Houseboat in Brooklyn · ★4.61 · 1 bedroom · 4 beds · 1 private bath,1018472,https://www.airbnb.com/users/show/1018472,Angus,8/25/2011,,2,2,40.5847,-73.94088,Private room,4,,4,$72.00 ,14,365,t,129,0,0,9/7/2011,7/26/2019,4.61,2,0.9
208148,https://www.airbnb.com/rooms/208148,Rental unit in Brooklyn · ★4.82 · 1 bedroom · 1 bed · 1 bath,1024355,https://www.airbnb.com/users/show/1024355,Martina,8/26/2011,f,1,1,40.71955,-73.95471,Entire home/apt,2,1,1,$185.00 ,30,365,t,14,0,0,12/1/2011,8/31/2015,4.82,1,0.1
227715,https://www.airbnb.com/rooms/227715,Rental unit in Brooklyn · ★4.60 · 2 bedrooms · 2 beds · 1 bath,209460,https://www.airbnb.com/users/show/209460,Marylyn Palmer,8/22/2010,t,4,13,40.6805,-73.94885,Entire home/apt,4,2,2,$134.00 ,30,365,t,260,1,0,9/25/2011,7/13/2022,4.6,4,1.83
228317,https://www.airbnb.com/rooms/228317,Rental unit in Brooklyn · ★4.90 · 1 bedroom · 1 bed · 1 bath,1191142,https://www.airbnb.com/users/show/1191142,Lady Jay,9/21/2011,t,1,1,40.68463,-73.92367,Entire home/apt,4,1,1,$175.00 ,30,1125,t,92,0,0,10/16/2011,5/15/2022,4.9,1,0.65
228925,https://www.airbnb.com/rooms/228925,Home in Brooklyn · ★4.63 · 1 bedroom · 2 beds · 1 bath,1194377,https://www.airbnb.com/users/show/1194377,Marceline,9/22/2011,f,1,1,40.68098,-73.94023,Entire home/apt,2,1,2,$100.00 ,30,90,f,11,0,0,10/1/2016,7/29/2021,4.63,1,0.14
230877,https://www.airbnb.com/rooms/230877,Rental unit in New York · ★4.90 · 1 bedroom · 1 bed · 1 bath,292204,https://www.airbnb.com/users/show/292204,Blanca,11/19/2010,t,4,5,40.79147,-73.94629,Entire home/apt,2,1,1,$160.00 ,30,60,t,122,2,0,9/28/2011,8/31/2022,4.9,4,0.86
231154,https://www.airbnb.com/rooms/231154,Home in Jamaica · ★4.18 · 1 bedroom · 1 bed · 1 private bath,27848,https://www.airbnb.com/users/show/27848,Jullett,7/27/2009,f,2,4,40.67144,-73.76501,Private room,3,1,1,$75.00 ,30,365,f,31,0,0,10/10/2011,10/14/2018,4.18,2,0.22
232612,https://www.airbnb.com/rooms/232612,Rental unit in Brooklyn · ★4.85 · Studio · 1 bed · 1 bath,1217241,https://www.airbnb.com/users/show/1217241,Dee,9/27/2011,t,1,3,40.685,-73.94262,Entire home/apt,2,,1,$138.00 ,3,28,t,464,55,4,10/16/2011,5/28/2023,4.85,1,3.27
232775,https://www.airbnb.com/rooms/232775,Rental unit in Brooklyn · ★5.0 · 1 bedroom · 1 bed · 1 bath,842156,https://www.airbnb.com/users/show/842156,Alyssa & Dion,7/19/2011,f,1,1,40.72113,-73.95658,Entire home/apt,2,1,1,$195.00 ,181,365,t,4,0,0,10/18/2011,5/7/2013,5,1,0.03
233638,https://www.airbnb.com/rooms/233638,Rental unit in New York · ★4.70 · 1 bedroom · 2 beds · 1 bath,1012895,https://www.airbnb.com/users/show/1012895,Melody,8/24/2011,,1,5,40.70132,-73.90883,Private room,2,,2,$89.00 ,2,1125,t,21,1,1,4/22/2013,5/31/2023,4.7,1,0.17
235515,https://www.airbnb.com/rooms/235515,Home in Queens · ★4.77 · 1 bedroom · 1 bed · 1 shared bath,1234135,https://www.airbnb.com/users/show/1234135,Santiago,10/1/2011,,6,9,40.70148,-73.82972,Private room,1,,1,$56.00 ,3,1125,t,96,22,3,10/16/2011,5/31/2023,4.77,5,0.68
235552,https://www.airbnb.com/rooms/235552,Loft in Brooklyn · ★4.92 · 3 bedrooms · 3 beds · 2 baths,1234405,https://www.airbnb.com/users/show/1234405,Bertie,10/1/2011,f,1,1,40.66386,-73.98519,Entire home/apt,5,3,3,$300.00 ,30,1125,t,38,0,0,1/4/2012,12/27/2019,4.92,1,0.27
235651,https://www.airbnb.com/rooms/235651,Rental unit in New York · ★4.88 · 1 bedroom · 1 bed · 1 shared bath,83257,https://www.airbnb.com/users/show/83257,Olan,2/20/2010,f,2,3,40.74168,-74.00339,Private room,3,1,1,$110.00 ,30,1000,t,86,0,0,11/1/2011,1/18/2020,4.88,2,0.61
235951,https://www.airbnb.com/rooms/235951,Condo in New York · ★4.68 · 1 bedroom · 1 bed · 1 bath,1236070,https://www.airbnb.com/users/show/1236070,Daniel,10/2/2011,f,1,1,40.75408,-73.97071,Entire home/apt,2,1,1,$155.00 ,29,130,t,156,5,0,10/17/2011,4/18/2023,4.68,1,1.1
235960,https://www.airbnb.com/rooms/235960,Rental unit in New York · ★4.69 · 1 bedroom · 1 bed · 1 bath,1236817,https://www.airbnb.com/users/show/1236817,Blue,10/2/2011,f,1,1,40.72113,-73.98442,Entire home/apt,2,1,1,$170.00 ,30,365,t,113,3,0,10/10/2011,3/7/2023,4.69,1,0.8
236671,https://www.airbnb.com/rooms/236671,Home in Brooklyn · ★4.78 · 1 bedroom · 2 beds · 1 bath,1240820,https://www.airbnb.com/users/show/1240820,Yvonne,10/3/2011,f,3,5,40.71732,-73.95561,Entire home/apt,1,1,2,$200.00 ,30,1125,t,165,0,0,12/15/2011,4/3/2021,4.78,3,1.18
237162,https://www.airbnb.com/rooms/237162,Home in Queens · ★4.45 · 1 bedroom · 1 bed · 1.5 shared baths,1234135,https://www.airbnb.com/users/show/1234135,Santiago,10/1/2011,,6,9,40.70017,-73.83186,Private room,1,,1,$71.00 ,3,1125,t,59,0,0,10/9/2011,1/4/2019,4.45,5,0.42
239733,https://www.airbnb.com/rooms/239733,Guesthouse in Queens · ★4.87 · 1 bedroom · 1 bed · 1 bath,1256874,https://www.airbnb.com/users/show/1256874,Nancy,10/6/2011,t,1,3,40.77539,-73.91709,Entire home/apt,1,1,1,$75.00 ,30,120,t,58,3,0,11/25/2011,3/31/2023,4.87,1,0.41
